{
    "traced_grid_list_of_inversion_from_0": 0.5663304328918457,
    "traced_sparse_grid_pg_list_from_0": 0.005709409713745117,
    "relocated_grid_from_0": 0.043593406677246094,
    "relocated_pixelization_grid_from_0": 0.00033283233642578125,
    "pixelization_grid_from_0": 9.059906005859375e-06,
    "pix_sub_weights_0": 1.960249662399292,
    "data_unique_mappings_0": 0.08609175682067871,
    "data_vector_from_0": 0.01902318000793457,
    "curvature_matrix_diag_0": 1.8322718143463135,
    "curvature_matrix_0": 2.5987625122070312e-05,
    "curvature_matrix_1": 1.6927719116210938e-05,
    "regularization_matrix_0": 0.42554163932800293,
    "curvature_reg_matrix_0": 0.00875091552734375,
    "curvature_reg_matrix_cholesky_0": 0.14812183380126953,
    "reconstruction_0": 0.030060768127441406,
    "mapped_reconstructed_data_dict_from_0": 0.01908421516418457,
    "regularization_term_0": 0.003705263137817383,
    "log_det_curvature_reg_matrix_term_0": 0.00010704994201660156,
    "log_det_regularization_matrix_term_0": 0.062293052673339844,
    "figure_of_merit_0": 0.00028634071350097656
}