{
    "traced_grid_list_of_inversion_from_0": 0.3752284049987793,
    "traced_sparse_grid_pg_list_from_0": 0.0036411285400390625,
    "relocated_grid_from_0": 0.12517809867858887,
    "relocated_pixelization_grid_from_0": 0.0007271766662597656,
    "pixelization_grid_from_0": 1.239776611328125e-05,
    "pix_sub_weights_0": 1.748183250427246,
    "data_unique_mappings_0": 0.09612202644348145,
    "data_vector_from_0": 0.018323421478271484,
    "curvature_matrix_diag_0": 1.884207010269165,
    "curvature_matrix_0": 2.3603439331054688e-05,
    "curvature_matrix_1": 1.5497207641601562e-05,
    "regularization_matrix_0": 0.3867225646972656,
    "curvature_reg_matrix_0": 0.005282878875732422,
    "curvature_reg_matrix_cholesky_0": 0.09321141242980957,
    "reconstruction_0": 0.02324676513671875,
    "mapped_reconstructed_data_dict_from_0": 0.01641988754272461,
    "regularization_term_0": 0.0024061203002929688,
    "log_det_curvature_reg_matrix_term_0": 8.106231689453125e-05,
    "log_det_regularization_matrix_term_0": 0.0501248836517334,
    "figure_of_merit_0": 0.00021886825561523438
}