{
    "traced_grid_list_of_inversion_from_0": 0.4861924648284912,
    "traced_sparse_grid_pg_list_from_0": 0.0047168731689453125,
    "relocated_grid_from_0": 0.1340646743774414,
    "relocated_pixelization_grid_from_0": 0.0007617473602294922,
    "pixelization_grid_from_0": 8.344650268554688e-06,
    "pix_sub_weights_0": 1.9715073108673096,
    "data_unique_mappings_0": 0.09197425842285156,
    "data_vector_from_0": 0.01864457130432129,
    "curvature_matrix_diag_0": 1.8947460651397705,
    "curvature_matrix_0": 3.218650817871094e-05,
    "curvature_matrix_1": 2.7418136596679688e-05,
    "regularization_matrix_0": 0.42484521865844727,
    "curvature_reg_matrix_0": 0.006046772003173828,
    "curvature_reg_matrix_cholesky_0": 0.08765769004821777,
    "reconstruction_0": 0.018418073654174805,
    "mapped_reconstructed_data_dict_from_0": 0.018588781356811523,
    "regularization_term_0": 0.0026366710662841797,
    "log_det_curvature_reg_matrix_term_0": 9.989738464355469e-05,
    "log_det_regularization_matrix_term_0": 0.05050802230834961,
    "figure_of_merit_0": 0.0002415180206298828
}