{
    "lens_2_subhalo_mass_105": 435.36088539700904,
    "lens_0_subhalo_mass_105": 178.2161858588388,
    "lens_3_subhalo_mass_105": 117.10622307580525,
    "lens_2_subhalo_mass_100": 97.0929207318768,
    "lens_0_subhalo_mass_100": 43.891198792742216,
    "lens_2_subhalo_mass_95": 37.57703845537435,
    "lens_1_subhalo_mass_105": 35.02129360433901,
    "lens_3_subhalo_mass_100": 17.86583948894986,
    "lens_0_subhalo_mass_95": 15.118596373680703,
    "lens_3_subhalo_mass_95": 12.411723104532939,
    "lens_1_subhalo_mass_95": 9.344380975933746,
    "lens_1_subhalo_mass_100": 4.376631060720683,
    "lens_3_no_subhalo": 2.7248661125213403,
    "lens_2_no_subhalo": 2.6495137470537884,
    "lens_0_no_subhalo": 1.272905637299118,
    "lens_1_no_subhalo": 0.2558147582458332
}