{
    "SDSSJ0755+3445": 1221.208052521004,
    "SDSSJ0918+5104": 874.4402859892725,
    "SDSSJ0029+2544": 362.9370943924878,
    "SDSSJ0201+3228": 224.56614176894072,
    "SDSSJ1226+5457": 151.8972602221329,
    "SDSSJ1116+0915": 110.3634659362724,
    "SDSSJ0113+0250": 22.0074315910897,
    "SDSSJ0742+3341": 21.994383111637944,
    "SDSSJ1201+4743": 16.881744660531695,
    "SDSSJ1110+3649": 15.742519486055244,
    "SDSSJ2228+1205": 10.751612661915715,
    "SDSSJ2342-0120": 7.689869037043536,
    "SDSSJ0856+2010": 6.206035914969107,
    "SDSSJ1141+2216": 4.568078669995884,
    "SDSSJ1110+2808": 3.4917547940276563,
    "SDSSJ0237-0641": -1.9009615610411856
}