{
    "SDSSJ0755+3445": 1188.7772242103092,
    "SDSSJ0918+5104": 757.3839407516207,
    "SDSSJ0029+2544": 316.95788007341616,
    "SDSSJ0201+3228": 169.09316890628543,
    "SDSSJ1226+5457": 144.82074403052684,
    "SDSSJ1116+0915": 75.72045411029103,
    "SDSSJ0742+3341": 16.921554465445297,
    "SDSSJ1110+3649": 12.354716100708174,
    "SDSSJ1110+2808": 9.31559978669975,
    "SDSSJ0237-0641": 5.040591292898171,
    "SDSSJ2342-0120": 2.413655480486341,
    "SDSSJ0856+2010": 1.826901252497919,
    "SDSSJ0113+0250": -4.902593511687883,
    "SDSSJ1201+4743": -9.317336472653551,
    "SDSSJ1141+2216": -30.986379293055506
}