{
    "traced_grid_list_of_inversion_from_0": 0.8052430152893066,
    "traced_sparse_grid_pg_list_from_0": 0.006974935531616211,
    "relocated_grid_from_0": 0.08907771110534668,
    "relocated_pixelization_grid_from_0": 0.0006039142608642578,
    "pixelization_grid_from_0": 1.33514404296875e-05,
    "pix_sub_weights_0": 2.1071722507476807,
    "data_unique_mappings_0": 0.09169507026672363,
    "data_vector_from_0": 0.020557403564453125,
    "curvature_matrix_diag_0": 2.0138278007507324,
    "curvature_matrix_0": 2.9325485229492188e-05,
    "curvature_matrix_1": 2.0742416381835938e-05,
    "regularization_matrix_0": 0.42383503913879395,
    "curvature_reg_matrix_0": 0.007495403289794922,
    "curvature_reg_matrix_cholesky_0": 0.12331438064575195,
    "reconstruction_0": 0.03941488265991211,
    "mapped_reconstructed_data_dict_from_0": 0.024108171463012695,
    "regularization_term_0": 0.0033316612243652344,
    "log_det_curvature_reg_matrix_term_0": 0.00014281272888183594,
    "log_det_regularization_matrix_term_0": 0.05810666084289551,
    "figure_of_merit_0": 0.00026702880859375
}