{
    "image_2d_from_0": 0.009879827499389648,
    "image_2d_from_1": 0.037244319915771484,
    "image_2d_from_2": 0.042267560958862305,
    "image_2d_from_3": 0.02467060089111328,
    "image_2d_from_4": 0.010206937789916992,
    "data_vector_from_0": 0.09291458129882812,
    "curvature_matrix_0": 0.9290153980255127,
    "regularization_matrix_0": 5.4836273193359375e-06,
    "curvature_reg_matrix_0": 0.007884979248046875,
    "curvature_reg_matrix_cholesky_0": 0.15788841247558594,
    "reconstruction_0": 0.036303043365478516,
    "mapped_reconstructed_data_dict_from_0": 0.8924474716186523,
    "regularization_term_0": 0.0037364959716796875,
    "log_det_curvature_reg_matrix_term_0": 8.511543273925781e-05,
    "log_det_regularization_matrix_term_0": 2.1457672119140625e-06,
    "figure_of_merit_0": 0.0001990795135498047
}