{
    "image_2d_from_0": 0.010078907012939453,
    "image_2d_from_1": 0.0373690128326416,
    "image_2d_from_2": 0.03242754936218262,
    "image_2d_from_3": 0.024432897567749023,
    "image_2d_from_4": 0.013126611709594727,
    "data_vector_from_0": 0.060941457748413086,
    "curvature_matrix_0": 0.3126664161682129,
    "regularization_matrix_0": 4.291534423828125e-06,
    "curvature_reg_matrix_0": 0.0030059814453125,
    "curvature_reg_matrix_cholesky_0": 0.049608469009399414,
    "reconstruction_0": 0.009603500366210938,
    "mapped_reconstructed_data_dict_from_0": 0.46295928955078125,
    "regularization_term_0": 0.0015377998352050781,
    "log_det_curvature_reg_matrix_term_0": 7.534027099609375e-05,
    "log_det_regularization_matrix_term_0": 2.6226043701171875e-06,
    "figure_of_merit_0": 0.00023746490478515625
}