{
    "traced_grid_list_of_inversion_from_0": 0.3946568965911865,
    "traced_sparse_grid_pg_list_from_0": 0.0036821365356445312,
    "relocated_grid_from_0": 0.06037163734436035,
    "relocated_pixelization_grid_from_0": 0.0003292560577392578,
    "pixelization_grid_from_0": 8.58306884765625e-06,
    "pix_sub_weights_0": 1.8595809936523438,
    "data_unique_mappings_0": 0.10367679595947266,
    "data_vector_from_0": 0.018075942993164062,
    "curvature_matrix_diag_0": 2.161834239959717,
    "curvature_matrix_0": 2.9325485229492188e-05,
    "curvature_matrix_1": 1.6689300537109375e-05,
    "regularization_matrix_0": 0.4604959487915039,
    "curvature_reg_matrix_0": 0.005050182342529297,
    "curvature_reg_matrix_cholesky_0": 0.12127161026000977,
    "reconstruction_0": 0.018330812454223633,
    "mapped_reconstructed_data_dict_from_0": 0.018296241760253906,
    "regularization_term_0": 0.002347230911254883,
    "log_det_curvature_reg_matrix_term_0": 7.152557373046875e-05,
    "log_det_regularization_matrix_term_0": 0.05141401290893555,
    "figure_of_merit_0": 0.0002872943878173828
}