{
    "traced_grid_list_of_inversion_from_0": 0.9756889343261719,
    "traced_sparse_grid_pg_list_from_0": 0.007893800735473633,
    "relocated_grid_from_0": 0.06547236442565918,
    "relocated_pixelization_grid_from_0": 0.00042891502380371094,
    "pixelization_grid_from_0": 9.298324584960938e-06,
    "pix_sub_weights_0": 2.117706537246704,
    "data_unique_mappings_0": 0.09136343002319336,
    "data_vector_from_0": 0.01859259605407715,
    "curvature_matrix_diag_0": 1.9092402458190918,
    "curvature_matrix_0": 2.8133392333984375e-05,
    "curvature_matrix_1": 1.9311904907226562e-05,
    "regularization_matrix_0": 0.41140198707580566,
    "curvature_reg_matrix_0": 0.007186412811279297,
    "curvature_reg_matrix_cholesky_0": 0.11378073692321777,
    "reconstruction_0": 0.022476673126220703,
    "mapped_reconstructed_data_dict_from_0": 0.02807331085205078,
    "regularization_term_0": 0.0031578540802001953,
    "log_det_curvature_reg_matrix_term_0": 8.273124694824219e-05,
    "log_det_regularization_matrix_term_0": 0.05337691307067871,
    "figure_of_merit_0": 0.00024080276489257812
}