{
    "traced_grid_list_of_inversion_from_0": 0.6614775657653809,
    "traced_sparse_grid_pg_list_from_0": 0.00469660758972168,
    "relocated_grid_from_0": 0.19298171997070312,
    "relocated_pixelization_grid_from_0": 0.0008881092071533203,
    "pixelization_grid_from_0": 1.0251998901367188e-05,
    "pix_sub_weights_0": 2.6309173107147217,
    "data_unique_mappings_0": 0.15548491477966309,
    "data_vector_from_0": 0.02333831787109375,
    "curvature_matrix_diag_0": 2.714237689971924,
    "curvature_matrix_0": 5.626678466796875e-05,
    "curvature_matrix_1": 3.314018249511719e-05,
    "regularization_matrix_0": 0.4737851619720459,
    "curvature_reg_matrix_0": 0.0068323612213134766,
    "curvature_reg_matrix_cholesky_0": 0.11928200721740723,
    "reconstruction_0": 0.028475046157836914,
    "mapped_reconstructed_data_dict_from_0": 0.02354264259338379,
    "regularization_term_0": 0.0031540393829345703,
    "log_det_curvature_reg_matrix_term_0": 9.226799011230469e-05,
    "log_det_regularization_matrix_term_0": 0.05460667610168457,
    "figure_of_merit_0": 0.0002892017364501953
}