{
    "traced_grid_list_of_inversion_from_0": 0.43625330924987793,
    "traced_sparse_grid_pg_list_from_0": 0.004487752914428711,
    "relocated_grid_from_0": 0.024003028869628906,
    "relocated_pixelization_grid_from_0": 0.00017571449279785156,
    "pixelization_grid_from_0": 9.059906005859375e-06,
    "pix_sub_weights_0": 1.962275743484497,
    "data_unique_mappings_0": 0.10795736312866211,
    "data_vector_from_0": 0.018144607543945312,
    "curvature_matrix_diag_0": 1.843639612197876,
    "curvature_matrix_0": 2.47955322265625e-05,
    "curvature_matrix_1": 1.4781951904296875e-05,
    "regularization_matrix_0": 0.42512059211730957,
    "curvature_reg_matrix_0": 0.008015632629394531,
    "curvature_reg_matrix_cholesky_0": 0.15543437004089355,
    "reconstruction_0": 0.03549003601074219,
    "mapped_reconstructed_data_dict_from_0": 0.0174863338470459,
    "regularization_term_0": 0.0036802291870117188,
    "log_det_curvature_reg_matrix_term_0": 8.58306884765625e-05,
    "log_det_regularization_matrix_term_0": 0.06177401542663574,
    "figure_of_merit_0": 0.0002701282501220703
}