{
    "traced_grid_list_of_inversion_from_0": 2.0311098098754883,
    "traced_sparse_grid_pg_list_from_0": 0.00468134880065918,
    "relocated_grid_from_0": 0.295119047164917,
    "relocated_pixelization_grid_from_0": 0.0004570484161376953,
    "pixelization_grid_from_0": 9.059906005859375e-06,
    "pix_sub_weights_0": 2.1274356842041016,
    "data_unique_mappings_0": 0.0857088565826416,
    "data_vector_from_0": 0.01977682113647461,
    "curvature_matrix_diag_0": 1.4383044242858887,
    "curvature_matrix_0": 2.3126602172851562e-05,
    "curvature_matrix_1": 1.7404556274414062e-05,
    "regularization_matrix_0": 0.23583984375,
    "curvature_reg_matrix_0": 0.0005161762237548828,
    "curvature_reg_matrix_cholesky_0": 0.004819631576538086,
    "reconstruction_0": 0.0015647411346435547,
    "mapped_reconstructed_data_dict_from_0": 0.022611141204833984,
    "regularization_term_0": 0.0002090930938720703,
    "log_det_curvature_reg_matrix_term_0": 5.984306335449219e-05,
    "log_det_regularization_matrix_term_0": 0.005331516265869141,
    "figure_of_merit_0": 0.0002353191375732422
}