{
    "SDSSJ0755+3445": 1122.7474713372576,
    "SDSSJ0918+5104": 341.93579319085984,
    "SDSSJ0029+2544": 157.04283043766918,
    "SDSSJ1226+5457": 138.13131384013104,
    "SDSSJ1110+3649": 29.5591208044425,
    "SDSSJ0113+0250": 21.552432573167607,
    "SDSSJ2342-0120": 16.076898613013327,
    "SDSSJ1141+2216": 13.8732320475101,
    "SDSSJ1201+4743": 8.043224631779594,
    "SDSSJ0742+3341": 5.869537124825911,
    "SDSSJ0237-0641": 5.868885460986348,
    "SDSSJ0856+2010": 3.818137403599394,
    "SDSSJ2228+1205": 2.057745706741116,
    "SDSSJ1110+2808": -0.8260643455287209,
    "SDSSJ1116+0915": -2.503676857242681,
    "SDSSJ0201+3228": -82.73625991596782
}