{
    "SDSSJ0755+3445": 1106.211674365295,
    "SDSSJ0918+5104": 450.694472478659,
    "SDSSJ0029+2544": 144.1108957668912,
    "SDSSJ1226+5457": 134.81217326779733,
    "SDSSJ0201+3228": 53.72219190024771,
    "SDSSJ1110+3649": 32.164559275981446,
    "SDSSJ2342-0120": 30.546054339240072,
    "SDSSJ1116+0915": 24.60864999329351,
    "SDSSJ1201+4743": 16.37151910693501,
    "SDSSJ0742+3341": 11.173664713343896,
    "SDSSJ0113+0250": 10.448545819686842,
    "SDSSJ0856+2010": 9.75692773245828,
    "SDSSJ0237-0641": 5.521217966241238,
    "SDSSJ2228+1205": 4.764590244230931,
    "SDSSJ1141+2216": 4.649378145521041,
    "SDSSJ1110+2808": 0.19775962646235712
}