{
    "traced_grid_list_of_inversion_from_0": 0.39067697525024414,
    "traced_sparse_grid_pg_list_from_0": 0.0036721229553222656,
    "relocated_grid_from_0": 0.12483692169189453,
    "relocated_pixelization_grid_from_0": 0.0007028579711914062,
    "pixelization_grid_from_0": 8.821487426757812e-06,
    "pix_sub_weights_0": 1.8961567878723145,
    "data_unique_mappings_0": 0.1039421558380127,
    "data_vector_from_0": 0.01831674575805664,
    "curvature_matrix_diag_0": 2.0432190895080566,
    "curvature_matrix_0": 2.4557113647460938e-05,
    "curvature_matrix_1": 1.621246337890625e-05,
    "regularization_matrix_0": 0.39656996726989746,
    "curvature_reg_matrix_0": 0.005685091018676758,
    "curvature_reg_matrix_cholesky_0": 0.10109829902648926,
    "reconstruction_0": 0.024634599685668945,
    "mapped_reconstructed_data_dict_from_0": 0.017650604248046875,
    "regularization_term_0": 0.0026030540466308594,
    "log_det_curvature_reg_matrix_term_0": 7.987022399902344e-05,
    "log_det_regularization_matrix_term_0": 0.04973101615905762,
    "figure_of_merit_0": 0.00023794174194335938
}