{
    "image_2d_from_0": 0.009925603866577148,
    "image_2d_from_1": 0.037139177322387695,
    "image_2d_from_2": 0.007643938064575195,
    "image_2d_from_3": 0.007016420364379883,
    "image_2d_from_4": 0.006863117218017578,
    "data_vector_from_0": 0.07425260543823242,
    "curvature_matrix_0": 1.1025526523590088,
    "regularization_matrix_0": 4.0531158447265625e-06,
    "curvature_reg_matrix_0": 0.004808664321899414,
    "curvature_reg_matrix_cholesky_0": 0.09360289573669434,
    "reconstruction_0": 0.01841592788696289,
    "mapped_reconstructed_data_dict_from_0": 0.7697010040283203,
    "regularization_term_0": 0.0023717880249023438,
    "log_det_curvature_reg_matrix_term_0": 0.00010061264038085938,
    "log_det_regularization_matrix_term_0": 2.6226043701171875e-06,
    "figure_of_merit_0": 0.0002238750457763672
}