{
    "SDSSJ0918+5104": 173.39326943356264,
    "SDSSJ0029+2544": 138.1543199581065,
    "SDSSJ1226+5457": 100.78713454494937,
    "SDSSJ0113+0250": 28.422133513922745,
    "SDSSJ1201+4743": 21.619775082264823,
    "SDSSJ1110+3649": 19.86330046801777,
    "SDSSJ0201+3228": 6.829411264894588,
    "SDSSJ0237-0641": 6.256793806467613,
    "SDSSJ0742+3341": 3.4552364466198924,
    "SDSSJ1110+2808": 2.5185891284927493,
    "SDSSJ2228+1205": 0.5046633816145913,
    "SDSSJ1141+2216": 0.2961374116130173
}