{
    "traced_grid_list_of_inversion_from_0": 0.6531052589416504,
    "traced_sparse_grid_pg_list_from_0": 0.005626678466796875,
    "relocated_grid_from_0": 0.04580116271972656,
    "relocated_pixelization_grid_from_0": 0.0002899169921875,
    "pixelization_grid_from_0": 8.344650268554688e-06,
    "pix_sub_weights_0": 1.9729852676391602,
    "data_unique_mappings_0": 0.11108708381652832,
    "data_vector_from_0": 0.01798248291015625,
    "curvature_matrix_diag_0": 1.8369779586791992,
    "curvature_matrix_0": 3.3855438232421875e-05,
    "curvature_matrix_1": 1.8596649169921875e-05,
    "regularization_matrix_0": 0.4132862091064453,
    "curvature_reg_matrix_0": 0.0066547393798828125,
    "curvature_reg_matrix_cholesky_0": 0.12125682830810547,
    "reconstruction_0": 0.030021190643310547,
    "mapped_reconstructed_data_dict_from_0": 0.01736903190612793,
    "regularization_term_0": 0.003099203109741211,
    "log_det_curvature_reg_matrix_term_0": 8.273124694824219e-05,
    "log_det_regularization_matrix_term_0": 0.05399513244628906,
    "figure_of_merit_0": 0.00024175643920898438
}