{
    "traced_grid_list_of_inversion_from_0": 1.5744140148162842,
    "traced_sparse_grid_pg_list_from_0": 0.003840923309326172,
    "relocated_grid_from_0": 0.2656252384185791,
    "relocated_pixelization_grid_from_0": 0.00041222572326660156,
    "pixelization_grid_from_0": 7.867813110351562e-06,
    "pix_sub_weights_0": 2.094796657562256,
    "data_unique_mappings_0": 0.08301663398742676,
    "data_vector_from_0": 0.01871514320373535,
    "curvature_matrix_diag_0": 1.3746871948242188,
    "curvature_matrix_0": 3.218650817871094e-05,
    "curvature_matrix_1": 1.9311904907226562e-05,
    "regularization_matrix_0": 0.23738789558410645,
    "curvature_reg_matrix_0": 0.0005114078521728516,
    "curvature_reg_matrix_cholesky_0": 0.00480198860168457,
    "reconstruction_0": 0.0015740394592285156,
    "mapped_reconstructed_data_dict_from_0": 0.018260717391967773,
    "regularization_term_0": 0.00022292137145996094,
    "log_det_curvature_reg_matrix_term_0": 5.507469177246094e-05,
    "log_det_regularization_matrix_term_0": 0.005259513854980469,
    "figure_of_merit_0": 0.00022840499877929688
}