{
    "traced_grid_list_of_inversion_from_0": 0.5762917995452881,
    "traced_sparse_grid_pg_list_from_0": 0.005571603775024414,
    "relocated_grid_from_0": 0.11165380477905273,
    "relocated_pixelization_grid_from_0": 0.0007350444793701172,
    "pixelization_grid_from_0": 7.3909759521484375e-06,
    "pix_sub_weights_0": 1.9186441898345947,
    "data_unique_mappings_0": 0.09478092193603516,
    "data_vector_from_0": 0.017969369888305664,
    "curvature_matrix_diag_0": 1.843820571899414,
    "curvature_matrix_0": 2.7418136596679688e-05,
    "curvature_matrix_1": 1.6450881958007812e-05,
    "regularization_matrix_0": 0.4480304718017578,
    "curvature_reg_matrix_0": 0.007415056228637695,
    "curvature_reg_matrix_cholesky_0": 0.16196680068969727,
    "reconstruction_0": 0.036072731018066406,
    "mapped_reconstructed_data_dict_from_0": 0.017606258392333984,
    "regularization_term_0": 0.003557920455932617,
    "log_det_curvature_reg_matrix_term_0": 0.00011086463928222656,
    "log_det_regularization_matrix_term_0": 0.05972933769226074,
    "figure_of_merit_0": 0.000270843505859375
}