{
    "image_2d_from_0": 0.01123189926147461,
    "image_2d_from_1": 0.041680097579956055,
    "image_2d_from_2": 0.018648147583007812,
    "image_2d_from_3": 0.01862192153930664,
    "image_2d_from_4": 0.010335445404052734,
    "data_vector_from_0": 0.02000570297241211,
    "curvature_matrix_0": 0.3276522159576416,
    "regularization_matrix_0": 4.0531158447265625e-06,
    "curvature_reg_matrix_0": 0.0010609626770019531,
    "curvature_reg_matrix_cholesky_0": 0.014864444732666016,
    "reconstruction_0": 0.003578662872314453,
    "mapped_reconstructed_data_dict_from_0": 0.01827859878540039,
    "regularization_term_0": 0.000591278076171875,
    "log_det_curvature_reg_matrix_term_0": 4.839897155761719e-05,
    "log_det_regularization_matrix_term_0": 3.0994415283203125e-06,
    "figure_of_merit_0": 0.0002655982971191406
}