{
    "slacs1630+4520": 119.17050959622429,
    "slacs0946+1006": 84.53642095444047,
    "slacs0029-0055": 30.007066988018778,
    "slacs1430+4105": 23.216074242667673,
    "slacs0956+5100": 21.965695852464705,
    "slacs0252+0039": 21.491880777826736,
    "slacs0728+3835": 20.530861052935506,
    "slacs2341+0000": 20.349273899049876,
    "slacs1432+6317": 18.010511597163713,
    "slacs1627-0053": 12.24220768264422,
    "slacs0330-0020": 10.20913424304672,
    "slacs1250+0523": 7.973655268127914,
    "slacs0912+0029": 6.532153965541511,
    "slacs2303+1422": 6.167301589070121,
    "slacs0959+0410": 5.948486326306011,
    "slacs0903+4116": 5.636838503953186,
    "slacs2238-0754": 5.590812573493167,
    "slacs1029+0420": 5.3927401113624,
    "slacs1420+6019": 5.002269214986882,
    "slacs1451-0239": 4.498099154567171,
    "slacs1205+4910": 4.23341819351117,
    "slacs0737+3216": 4.18480390980767,
    "slacs1213+6708": 4.116991485339895,
    "slacs0822+2652": 3.0801353736096644,
    "slacs2300+0022": 2.3921678683764185,
    "slacs1218+0830": 2.102773821912706,
    "slacs1402+6321": 1.8278306414758845,
    "slacs1143-0144": 1.8151293515657017,
    "slacs0008-0004": 1.6880915684687352,
    "slacs0936+0913": 1.3069156796973402,
    "slacs1020+1122": 1.2720777165231993,
    "slacs1023+4230": 1.1871852683834732,
    "slacs1032+5322": 1.1172769598269952,
    "slacs0216-0813": 0.9693990147206932,
    "slacs0157-0056": 0.6916826359447441,
    "slacs1142+1001": 0.5369966344460408
}