{
    "traced_grid_list_of_inversion_from_0": 0.5022265911102295,
    "traced_sparse_grid_pg_list_from_0": 0.004790544509887695,
    "relocated_grid_from_0": 0.07171201705932617,
    "relocated_pixelization_grid_from_0": 0.0004792213439941406,
    "pixelization_grid_from_0": 8.821487426757812e-06,
    "pix_sub_weights_0": 2.0325143337249756,
    "data_unique_mappings_0": 0.09457778930664062,
    "data_vector_from_0": 0.0191652774810791,
    "curvature_matrix_diag_0": 2.1552486419677734,
    "curvature_matrix_0": 3.790855407714844e-05,
    "curvature_matrix_1": 1.621246337890625e-05,
    "regularization_matrix_0": 1.4157741069793701,
    "curvature_reg_matrix_0": 0.007307291030883789,
    "curvature_reg_matrix_cholesky_0": 0.09907674789428711,
    "reconstruction_0": 0.020733356475830078,
    "mapped_reconstructed_data_dict_from_0": 0.017879724502563477,
    "regularization_term_0": 0.003136157989501953,
    "log_det_curvature_reg_matrix_term_0": 8.368492126464844e-05,
    "log_det_regularization_matrix_term_0": 0.059813499450683594,
    "figure_of_merit_0": 0.0002493858337402344
}