{
    "traced_grid_list_of_inversion_from_0": 0.5488877296447754,
    "traced_sparse_grid_pg_list_from_0": 0.005747318267822266,
    "relocated_grid_from_0": 0.15534067153930664,
    "relocated_pixelization_grid_from_0": 0.001010894775390625,
    "pixelization_grid_from_0": 1.1205673217773438e-05,
    "pix_sub_weights_0": 1.8829116821289062,
    "data_unique_mappings_0": 0.1022341251373291,
    "data_vector_from_0": 0.019319772720336914,
    "curvature_matrix_diag_0": 2.2169599533081055,
    "curvature_matrix_0": 5.5789947509765625e-05,
    "curvature_matrix_1": 3.6716461181640625e-05,
    "regularization_matrix_0": 0.42284560203552246,
    "curvature_reg_matrix_0": 0.01007080078125,
    "curvature_reg_matrix_cholesky_0": 0.14947128295898438,
    "reconstruction_0": 0.03252220153808594,
    "mapped_reconstructed_data_dict_from_0": 0.019758224487304688,
    "regularization_term_0": 0.005398988723754883,
    "log_det_curvature_reg_matrix_term_0": 0.000225067138671875,
    "log_det_regularization_matrix_term_0": 0.0710604190826416,
    "figure_of_merit_0": 0.000278472900390625
}