{
    "lens_2_subhalo_mass_105": 431.21612726389503,
    "lens_3_subhalo_mass_105": 186.25800793529197,
    "lens_0_subhalo_mass_105": 181.04264744839384,
    "lens_2_subhalo_mass_100": 128.923540339998,
    "lens_2_subhalo_mass_95": 58.99289125778523,
    "lens_3_subhalo_mass_100": 53.357933106402925,
    "lens_3_subhalo_mass_95": 34.70646502113959,
    "lens_0_subhalo_mass_100": 30.42176665063016,
    "lens_1_subhalo_mass_100": 15.603574873319303,
    "lens_3_no_subhalo": 15.247366319301364,
    "lens_0_subhalo_mass_95": 12.90719724396331,
    "lens_1_subhalo_mass_105": 12.82852701205411,
    "lens_1_subhalo_mass_95": 12.12342560955949,
    "lens_2_no_subhalo": 5.6758116716519,
    "lens_1_no_subhalo": 0.7599138895675424,
    "lens_0_no_subhalo": -1.5654687500755244
}