{
    "lens_2_subhalo_mass_105": 558.685329058455,
    "lens_3_subhalo_mass_105": 200.03397846756707,
    "lens_0_subhalo_mass_105": 198.4834409170362,
    "lens_2_subhalo_mass_100": 137.92720244790326,
    "lens_2_subhalo_mass_95": 70.16106593392033,
    "lens_3_subhalo_mass_100": 69.72365916510171,
    "lens_3_subhalo_mass_95": 47.153604273808014,
    "lens_0_subhalo_mass_100": 39.39212455527377,
    "lens_1_subhalo_mass_105": 34.157014932876336,
    "lens_3_no_subhalo": 32.133174850358046,
    "lens_1_subhalo_mass_100": 28.042618671035598,
    "lens_0_subhalo_mass_95": 19.434893282737903,
    "lens_1_subhalo_mass_95": 17.98625163087854,
    "lens_2_no_subhalo": 14.531581465409545,
    "lens_1_no_subhalo": 8.379197926507914,
    "lens_0_no_subhalo": 2.6384736540385347
}