{
    "SDSSJ0755+3445": 1321.2515779779278,
    "SDSSJ1226+5457": 115.58760626333242,
    "SDSSJ0201+3228": 81.32246251429751,
    "SDSSJ0029+2544": 69.64070511672617,
    "SDSSJ2342-0120": 20.94095915836442,
    "SDSSJ1110+3649": 14.728647385800286,
    "SDSSJ1141+2216": 9.468906672525918,
    "SDSSJ0113+0250": 9.232385875233376,
    "SDSSJ0742+3341": 2.7419242962314456,
    "SDSSJ1116+0915": 2.326529527816092,
    "SDSSJ1110+2808": 2.0980897783992987,
    "SDSSJ0856+2010": 1.5627653519622982,
    "SDSSJ0237-0641": 1.5581130294485774,
    "SDSSJ1201+4743": 1.1515664903854486,
    "SDSSJ2228+1205": 0.6204464413822279,
    "SDSSJ0918+5104": -6.596468981799262
}