{
    "SDSSJ0755+3445": 1334.4292812106578,
    "SDSSJ0918+5104": 437.3783164715842,
    "SDSSJ0029+2544": 236.91806718480075,
    "SDSSJ0201+3228": 151.73372960357665,
    "SDSSJ1226+5457": 121.64697939019243,
    "SDSSJ2342-0120": 30.955622081122783,
    "SDSSJ1110+3649": 24.844774094493914,
    "SDSSJ0113+0250": 22.833929870765132,
    "SDSSJ1141+2216": 7.221473957339185,
    "SDSSJ0742+3341": 5.608344513071643,
    "SDSSJ1110+2808": 5.14629788784805,
    "SDSSJ1201+4743": 4.830757864139741,
    "SDSSJ1116+0915": 3.686056597800416,
    "SDSSJ0856+2010": 2.8861255974916276,
    "SDSSJ2228+1205": 2.6913596801896347,
    "SDSSJ0237-0641": 1.0716747259975818
}