{
    "image_2d_from_0": 0.01042032241821289,
    "image_2d_from_1": 0.037572383880615234,
    "image_2d_from_2": 0.03233838081359863,
    "image_2d_from_3": 0.014036417007446289,
    "image_2d_from_4": 0.010773181915283203,
    "data_vector_from_0": 0.08382058143615723,
    "curvature_matrix_0": 0.9139924049377441,
    "regularization_matrix_0": 9.059906005859375e-06,
    "curvature_reg_matrix_0": 0.007667064666748047,
    "curvature_reg_matrix_cholesky_0": 0.1384730339050293,
    "reconstruction_0": 0.03314518928527832,
    "mapped_reconstructed_data_dict_from_0": 0.8009998798370361,
    "regularization_term_0": 0.0033414363861083984,
    "log_det_curvature_reg_matrix_term_0": 0.00010323524475097656,
    "log_det_regularization_matrix_term_0": 3.0994415283203125e-06,
    "figure_of_merit_0": 0.0002715587615966797
}