{
    "image_2d_from_0": 0.010084390640258789,
    "image_2d_from_1": 0.03735041618347168,
    "image_2d_from_2": 0.0333402156829834,
    "image_2d_from_3": 0.0104522705078125,
    "image_2d_from_4": 0.00866246223449707,
    "data_vector_from_0": 0.07329607009887695,
    "curvature_matrix_0": 0.794363260269165,
    "regularization_matrix_0": 4.76837158203125e-06,
    "curvature_reg_matrix_0": 0.005537748336791992,
    "curvature_reg_matrix_cholesky_0": 0.08840489387512207,
    "reconstruction_0": 0.01688671112060547,
    "mapped_reconstructed_data_dict_from_0": 0.5871551036834717,
    "regularization_term_0": 0.0026674270629882812,
    "log_det_curvature_reg_matrix_term_0": 9.560585021972656e-05,
    "log_det_regularization_matrix_term_0": 2.86102294921875e-06,
    "figure_of_merit_0": 0.0002238750457763672
}