{
    "image_2d_from_0": 0.009879589080810547,
    "image_2d_from_1": 0.03723764419555664,
    "image_2d_from_2": 0.01586174964904785,
    "image_2d_from_3": 0.015198469161987305,
    "image_2d_from_4": 0.010222911834716797,
    "data_vector_from_0": 0.07691621780395508,
    "curvature_matrix_0": 0.9211602210998535,
    "regularization_matrix_0": 5.4836273193359375e-06,
    "curvature_reg_matrix_0": 0.00556182861328125,
    "curvature_reg_matrix_cholesky_0": 0.10221624374389648,
    "reconstruction_0": 0.023726701736450195,
    "mapped_reconstructed_data_dict_from_0": 0.8067061901092529,
    "regularization_term_0": 0.002593994140625,
    "log_det_curvature_reg_matrix_term_0": 9.369850158691406e-05,
    "log_det_regularization_matrix_term_0": 2.86102294921875e-06,
    "figure_of_merit_0": 0.0002155303955078125
}