{
    "traced_grid_list_of_inversion_from_0": 1.3406009674072266,
    "traced_sparse_grid_pg_list_from_0": 0.003301382064819336,
    "relocated_grid_from_0": 0.2608063220977783,
    "relocated_pixelization_grid_from_0": 0.0004031658172607422,
    "pixelization_grid_from_0": 2.4557113647460938e-05,
    "pix_sub_weights_0": 1.9650921821594238,
    "data_unique_mappings_0": 0.09219765663146973,
    "data_vector_from_0": 0.018254518508911133,
    "curvature_matrix_diag_0": 1.3784565925598145,
    "curvature_matrix_0": 3.218650817871094e-05,
    "curvature_matrix_1": 2.288818359375e-05,
    "regularization_matrix_0": 0.23832249641418457,
    "curvature_reg_matrix_0": 0.000431060791015625,
    "curvature_reg_matrix_cholesky_0": 0.003812074661254883,
    "reconstruction_0": 0.0013489723205566406,
    "mapped_reconstructed_data_dict_from_0": 0.017566204071044922,
    "regularization_term_0": 0.0001430511474609375,
    "log_det_curvature_reg_matrix_term_0": 4.601478576660156e-05,
    "log_det_regularization_matrix_term_0": 0.005127668380737305,
    "figure_of_merit_0": 0.00022292137145996094
}