{
    "slacs0956+5100": 40.63895669919293,
    "slacs0946+1006": 37.54858170170883,
    "slacs2341+0000": 31.39995630273188,
    "slacs0959+0410": 25.62522818427533,
    "slacs1430+4105": 23.205809540209884,
    "slacs1250+0523": 20.681764782435494,
    "slacs2303+1422": 13.976048642034584,
    "slacs1627-0053": 12.90867973780405,
    "slacs1432+6317": 12.37231473367865,
    "slacs1020+1122": 12.125962074671406,
    "slacs1420+6019": 10.404705624598137,
    "slacs0029-0055": 7.708092786968336,
    "slacs0330-0020": 7.691473214472353,
    "slacs1023+4230": 7.174064095597714,
    "slacs1630+4520": 6.148011109529762,
    "slacs0912+0029": 5.088857245937106,
    "slacs1029+0420": 4.662259997779984,
    "slacs0252+0039": 4.635572718769254,
    "slacs0903+4116": 4.378076522734773,
    "slacs2300+0022": 3.890258925392118,
    "slacs1143-0144": 3.848127275607112,
    "slacs1205+4910": 3.794305408926448,
    "slacs1213+6708": 3.1021470082087035,
    "slacs1402+6321": 3.0149090242484817,
    "slacs1032+5322": 2.9245343767106533,
    "slacs0157-0056": 2.711215037987131,
    "slacs0822+2652": 2.697061632054101,
    "slacs0728+3835": 2.3350838280566677,
    "slacs2238-0754": 2.2641495521893376,
    "slacs0936+0913": 1.8848180801305716,
    "slacs1142+1001": 1.4711007171727033,
    "slacs0737+3216": 1.3154946477061458,
    "slacs0008-0004": 1.1405417967380345,
    "slacs1451-0239": 0.7051555088110035,
    "slacs0216-0813": 0.4854134682464064,
    "slacs1218+0830": 0.34030647165491246
}