{
    "slacs0956+5100": 29.203564731869847,
    "slacs0946+1006": 26.23158198414785,
    "slacs1430+4105": 17.37011402695498,
    "slacs2341+0000": 16.935459768599685,
    "slacs1432+6317": 14.242022515369172,
    "slacs0959+0410": 10.476570044469554,
    "slacs1143-0144": 9.437636962324177,
    "slacs0330-0020": 9.253358880036103,
    "slacs0252+0039": 9.068282560157968,
    "slacs2303+1422": 7.518119950196706,
    "slacs1630+4520": 6.055735390364134,
    "slacs1023+4230": 3.8341446616395842,
    "slacs1627-0053": 3.8060111603881523,
    "slacs1020+1122": 3.094363435437117,
    "slacs0912+0029": 2.7135591764526907,
    "slacs1420+6019": 2.505964147596387,
    "slacs2300+0022": 2.131714023569657,
    "slacs1451-0239": 1.9316692969194946,
    "slacs2238-0754": 1.7284271152093424,
    "slacs1213+6708": 1.713681850848559,
    "slacs1142+1001": 1.6108251342861877,
    "slacs1032+5322": 1.3288272961071925,
    "slacs0903+4116": 1.300731875016936,
    "slacs0936+0913": 1.2283056915657653,
    "slacs0029-0055": 1.0185413843064453,
    "slacs1250+0523": 0.8956429778190795,
    "slacs1029+0420": 0.8421835815270242,
    "slacs1218+0830": 0.6981821115041384,
    "slacs1402+6321": 0.5831317463653249,
    "slacs0737+3216": 0.5801655935513281,
    "slacs0157-0056": 0.33921951596130384,
    "slacs0216-0813": 0.2551992475118823,
    "slacs0728+3835": 0.14203351486867177,
    "slacs0008-0004": 0.09552393979902263,
    "slacs0822+2652": -1.0537214627038338,
    "slacs1205+4910": -5.1595899900935365
}