{
    "slacs0946+1006": 75.56192831543558,
    "slacs2341+0000": 33.68740884474391,
    "slacs1250+0523": 24.8096010479494,
    "slacs0956+5100": 13.496515780934715,
    "slacs0029-0055": 13.496445000881067,
    "slacs1020+1122": 12.63527554526081,
    "slacs1430+4105": 10.508798502618447,
    "slacs1205+4910": 10.40531883519725,
    "slacs0903+4116": 9.378813631079538,
    "slacs2303+1422": 8.970578810920415,
    "slacs1627-0053": 7.52636645264829,
    "slacs1213+6708": 7.400043089124665,
    "slacs1420+6019": 6.980958882973937,
    "slacs0912+0029": 6.469250590307638,
    "slacs0252+0039": 4.961665242917661,
    "slacs1143-0144": 4.953063496359391,
    "slacs0330-0020": 4.57087823837719,
    "slacs0822+2652": 3.7927533630645485,
    "slacs2238-0754": 3.319955201855919,
    "slacs1023+4230": 3.134366855068947,
    "slacs1630+4520": 2.831691355459043,
    "slacs1402+6321": 2.2278663104516454,
    "slacs1525+3327": 1.917289685618016,
    "slacs2300+0022": 1.665908968927397,
    "slacs0157-0056": 1.40248330355098,
    "slacs1032+5322": 1.3160912354360335,
    "slacs0737+3216": 1.232196395385472,
    "slacs0216-0813": 0.6326326652415446,
    "slacs1142+1001": 0.5994249261812001,
    "slacs0936+0913": 0.5724465352923289,
    "slacs1218+0830": 0.41301676782313734,
    "slacs0728+3835": -0.2802773322146095,
    "slacs1451-0239": -0.6450602566401358
}