{
    "image_2d_from_0": 0.010355710983276367,
    "image_2d_from_1": 0.03842759132385254,
    "image_2d_from_2": 0.10954689979553223,
    "image_2d_from_3": 0.013487577438354492,
    "image_2d_from_4": 0.013997316360473633,
    "data_vector_from_0": 0.09867668151855469,
    "curvature_matrix_0": 0.6658601760864258,
    "regularization_matrix_0": 5.4836273193359375e-06,
    "curvature_reg_matrix_0": 0.008933782577514648,
    "curvature_reg_matrix_cholesky_0": 0.15549898147583008,
    "reconstruction_0": 0.035661935806274414,
    "mapped_reconstructed_data_dict_from_0": 0.8847711086273193,
    "regularization_term_0": 0.003885030746459961,
    "log_det_curvature_reg_matrix_term_0": 0.00012111663818359375,
    "log_det_regularization_matrix_term_0": 3.5762786865234375e-06,
    "figure_of_merit_0": 0.00032448768615722656
}