{
    "traced_grid_list_of_inversion_from_0": 0.4491608142852783,
    "traced_sparse_grid_pg_list_from_0": 0.004252195358276367,
    "relocated_grid_from_0": 0.08420705795288086,
    "relocated_pixelization_grid_from_0": 0.00051116943359375,
    "pixelization_grid_from_0": 9.775161743164062e-06,
    "pix_sub_weights_0": 1.7556641101837158,
    "data_unique_mappings_0": 0.11943650245666504,
    "data_vector_from_0": 0.01820659637451172,
    "curvature_matrix_diag_0": 2.182279348373413,
    "curvature_matrix_0": 2.4318695068359375e-05,
    "curvature_matrix_1": 1.5974044799804688e-05,
    "regularization_matrix_0": 0.40967535972595215,
    "curvature_reg_matrix_0": 0.0067479610443115234,
    "curvature_reg_matrix_cholesky_0": 0.11075472831726074,
    "reconstruction_0": 0.02820301055908203,
    "mapped_reconstructed_data_dict_from_0": 0.017803668975830078,
    "regularization_term_0": 0.003112316131591797,
    "log_det_curvature_reg_matrix_term_0": 9.584426879882812e-05,
    "log_det_regularization_matrix_term_0": 0.05726909637451172,
    "figure_of_merit_0": 0.00023245811462402344
}