{
    "image_2d_from_0": 0.010019540786743164,
    "image_2d_from_1": 0.03667473793029785,
    "image_2d_from_2": 0.01094508171081543,
    "image_2d_from_3": 0.014908313751220703,
    "image_2d_from_4": 0.012213945388793945,
    "data_vector_from_0": 0.08107280731201172,
    "curvature_matrix_0": 0.9474494457244873,
    "regularization_matrix_0": 4.76837158203125e-06,
    "curvature_reg_matrix_0": 0.006943464279174805,
    "curvature_reg_matrix_cholesky_0": 0.12389659881591797,
    "reconstruction_0": 0.029619693756103516,
    "mapped_reconstructed_data_dict_from_0": 0.7756164073944092,
    "regularization_term_0": 0.0031366348266601562,
    "log_det_curvature_reg_matrix_term_0": 0.00010514259338378906,
    "log_det_regularization_matrix_term_0": 2.86102294921875e-06,
    "figure_of_merit_0": 0.00022864341735839844
}