{
    "slacs0946+1006": 86.94618017789435,
    "slacs0956+5100": 35.85261845073546,
    "slacs2341+0000": 33.213278275565244,
    "slacs1430+4105": 24.216948144705384,
    "slacs0959+0410": 21.95747915681568,
    "slacs1143-0144": 17.50930226786295,
    "slacs0912+0029": 17.33535152100376,
    "slacs1250+0523": 15.290998890588526,
    "slacs1627-0053": 12.526550443395536,
    "slacs2303+1422": 10.252000424457947,
    "slacs0903+4116": 9.91513509696233,
    "slacs1020+1122": 9.053011045776657,
    "slacs0728+3835": 8.70416922998993,
    "slacs0029-0055": 8.148248941193742,
    "slacs1205+4910": 7.3481964994061855,
    "slacs1420+6019": 6.802249874512199,
    "slacs1630+4520": 6.333520654559834,
    "slacs1213+6708": 6.233331711093342,
    "slacs1525+3327": 5.932710843830137,
    "slacs1432+6317": 5.5961289213446435,
    "slacs1023+4230": 5.1450751937081804,
    "slacs0252+0039": 5.071786382537539,
    "slacs0822+2652": 4.4545282943872735,
    "slacs2300+0022": 3.2533973097306443,
    "slacs0330-0020": 3.185177167149959,
    "slacs1142+1001": 3.0136490918412164,
    "slacs0216-0813": 2.7662183543834544,
    "slacs1032+5322": 2.6811577220942127,
    "slacs2238-0754": 2.0010564385156613,
    "slacs1029+0420": 1.8852212663041428,
    "slacs0936+0913": 1.7014490017463686,
    "slacs0737+3216": 1.5399304862457939,
    "slacs0008-0004": 1.1627362045874179,
    "slacs0157-0056": 1.1385279266542057,
    "slacs1402+6321": 0.9930819780820457,
    "slacs1218+0830": 0.4729038909135852,
    "slacs1451-0239": 0.04047430158061616
}