{
    "slacs0946+1006": 79.09160943671668,
    "slacs0956+5100": 31.700919107039226,
    "slacs2341+0000": 29.878316596106743,
    "slacs1430+4105": 21.33588683529524,
    "slacs1205+4910": 13.321976007171543,
    "slacs1250+0523": 12.985649627546081,
    "slacs0959+0410": 10.575606644182699,
    "slacs1627-0053": 10.340041687857592,
    "slacs2303+1422": 10.319292025844334,
    "slacs0728+3835": 10.254292835441447,
    "slacs1143-0144": 9.254868556221481,
    "slacs1432+6317": 8.677485860927845,
    "slacs0029-0055": 7.339091267807817,
    "slacs0912+0029": 6.980430287541822,
    "slacs1630+4520": 6.977649051215849,
    "slacs1023+4230": 5.779788460757118,
    "slacs1420+6019": 5.242928030369512,
    "slacs1020+1122": 5.042593609163305,
    "slacs0737+3216": 4.701304963256916,
    "slacs0330-0020": 4.088783657178283,
    "slacs1525+3327": 3.9835712516360218,
    "slacs1029+0420": 3.9161347279150505,
    "slacs2238-0754": 3.7192229477514047,
    "slacs0903+4116": 3.311018198073725,
    "slacs0822+2652": 3.1663450579653727,
    "slacs0252+0039": 2.7996281371670193,
    "slacs1402+6321": 2.5523239559515787,
    "slacs1032+5322": 2.5185099914233433,
    "slacs0216-0813": 2.4847407142660813,
    "slacs2300+0022": 2.2198897387861507,
    "slacs0157-0056": 2.0568051991731977,
    "slacs1218+0830": 1.8319108843861613,
    "slacs1142+1001": 1.7373473994375672,
    "slacs1213+6708": 1.452471358843468,
    "slacs0008-0004": 1.143749560094875,
    "slacs1451-0239": 0.9749658246100807,
    "slacs0936+0913": 0.38703966862885864
}