{
    "slacs0946+1006": 87.46377033551107,
    "slacs0959+0410": 51.843713584472425,
    "slacs2341+0000": 44.43387068551965,
    "slacs0956+5100": 30.42053249728633,
    "slacs0029-0055": 22.04046037135413,
    "slacs0157-0056": 21.139479596935416,
    "slacs1430+4105": 17.193619887169916,
    "slacs1250+0523": 16.967230807815213,
    "slacs1020+1122": 14.51257902366342,
    "slacs1432+6317": 13.069897173438221,
    "slacs1143-0144": 12.876352638937533,
    "slacs0912+0029": 12.178543112939224,
    "slacs1630+4520": 11.34908822341822,
    "slacs0822+2652": 10.581151025544386,
    "slacs2303+1422": 8.60882525931811,
    "slacs0903+4116": 8.295328110165428,
    "slacs1205+4910": 8.04187228687806,
    "slacs1142+1001": 7.111649768485222,
    "slacs1420+6019": 6.219723623187747,
    "slacs1525+3327": 6.097947339876555,
    "slacs1627-0053": 5.535589939798228,
    "slacs0252+0039": 4.996534833160695,
    "slacs1032+5322": 4.970840601075906,
    "slacs0737+3216": 3.699569999036612,
    "slacs2238-0754": 3.0099414265714586,
    "slacs0936+0913": 2.4005722598958528,
    "slacs1023+4230": 2.3272848819033243,
    "slacs1451-0239": 2.0660891711886507,
    "slacs2300+0022": 2.0046310818288475,
    "slacs1402+6321": 1.8066720378410537,
    "slacs0330-0020": 1.6102306679822505,
    "slacs1029+0420": 1.3409022859414108,
    "slacs1213+6708": 1.287510099238716,
    "slacs0216-0813": 0.8630652263091179,
    "slacs0728+3835": 0.7621674223046284,
    "slacs0008-0004": 0.3636922862060601,
    "slacs1218+0830": 0.2654647055314854
}