{
    "slacs0946+1006": 68.53603122697677,
    "slacs0959+0410": 28.86914088757476,
    "slacs2341+0000": 28.352183720038738,
    "slacs0157-0056": 21.410598404632765,
    "slacs0956+5100": 16.292992481787223,
    "slacs0029-0055": 14.025391090370249,
    "slacs0903+4116": 12.143087860313244,
    "slacs1250+0523": 11.719383795862086,
    "slacs1432+6317": 10.608958096941933,
    "slacs1430+4105": 8.318618938326836,
    "slacs1630+4520": 7.574362308165291,
    "slacs1143-0144": 6.289244076935574,
    "slacs0737+3216": 5.913745997531805,
    "slacs1627-0053": 5.838640773872612,
    "slacs1420+6019": 5.324547072668793,
    "slacs0912+0029": 4.948236400610767,
    "slacs2303+1422": 4.743445567524759,
    "slacs1451-0239": 4.03438058446045,
    "slacs1032+5322": 3.7827471846248955,
    "slacs1525+3327": 2.3506284574687015,
    "slacs0216-0813": 1.976894022023771,
    "slacs1142+1001": 1.6174752705846913,
    "slacs1205+4910": 1.2608425258658826,
    "slacs1213+6708": 1.1494083693542052,
    "slacs1020+1122": 1.1414205913315527,
    "slacs1023+4230": 1.0037217143981252,
    "slacs1402+6321": 0.9735464857658371,
    "slacs1218+0830": 0.8008741886005737,
    "slacs0936+0913": 0.6939352670451626,
    "slacs0822+2652": 0.620538331248099,
    "slacs1029+0420": 0.6178352124406956,
    "slacs0008-0004": 0.2529217924166005,
    "slacs2300+0022": -0.14748151384992525,
    "slacs0252+0039": -1.7360717771225609,
    "slacs2238-0754": -1.7491485518985428,
    "slacs0728+3835": -1.7579187731898855,
    "slacs0330-0020": -2.0887207173509523
}