{
    "traced_grid_list_of_inversion_from_0": 0.5526812076568604,
    "traced_sparse_grid_pg_list_from_0": 0.005455970764160156,
    "relocated_grid_from_0": 0.08883786201477051,
    "relocated_pixelization_grid_from_0": 0.0005991458892822266,
    "pixelization_grid_from_0": 9.298324584960938e-06,
    "pix_sub_weights_0": 2.0690977573394775,
    "data_unique_mappings_0": 0.0846259593963623,
    "data_vector_from_0": 0.018857240676879883,
    "curvature_matrix_diag_0": 1.805485725402832,
    "curvature_matrix_0": 2.288818359375e-05,
    "curvature_matrix_1": 1.621246337890625e-05,
    "regularization_matrix_0": 0.42055773735046387,
    "curvature_reg_matrix_0": 0.007944107055664062,
    "curvature_reg_matrix_cholesky_0": 0.1400439739227295,
    "reconstruction_0": 0.02661442756652832,
    "mapped_reconstructed_data_dict_from_0": 0.024837017059326172,
    "regularization_term_0": 0.0035631656646728516,
    "log_det_curvature_reg_matrix_term_0": 0.00010514259338378906,
    "log_det_regularization_matrix_term_0": 0.060418128967285156,
    "figure_of_merit_0": 0.00027632713317871094
}