{
    "slacs0946+1006": 82.63500967690015,
    "slacs2341+0000": 34.64437508987976,
    "slacs0956+5100": 31.08690578112146,
    "slacs0959+0410": 22.69983310153475,
    "slacs1430+4105": 22.59118266045698,
    "slacs1250+0523": 15.290998890588526,
    "slacs1627-0053": 14.511316844927933,
    "slacs1020+1122": 11.200746075483039,
    "slacs0728+3835": 10.429587525475654,
    "slacs2303+1422": 10.22733267777221,
    "slacs0903+4116": 8.563294765834144,
    "slacs1029+0420": 8.194801104999897,
    "slacs1420+6019": 7.906165815998975,
    "slacs1432+6317": 7.6899670944185345,
    "slacs0912+0029": 6.3624188071116805,
    "slacs1205+4910": 5.792477241531742,
    "slacs1630+4520": 5.6342036547503085,
    "slacs0252+0039": 5.071786382537539,
    "slacs1143-0144": 4.811202043230878,
    "slacs0029-0055": 4.591384610965179,
    "slacs0737+3216": 3.8343995641116635,
    "slacs0822+2652": 3.757110930440831,
    "slacs0216-0813": 3.0758390741593757,
    "slacs2238-0754": 2.74194822111167,
    "slacs1032+5322": 2.6811577220942127,
    "slacs1023+4230": 2.3272848819033243,
    "slacs1213+6708": 2.265636902951883,
    "slacs2300+0022": 1.9529671016935026,
    "slacs1142+1001": 1.6988806714998645,
    "slacs0936+0913": 1.66442623558396,
    "slacs0157-0056": 1.487134395614703,
    "slacs1402+6321": 1.2545487685820262,
    "slacs0008-0004": 0.9713196328266349,
    "slacs0330-0020": 0.6333530406081991,
    "slacs1218+0830": 0.5897349127335474,
    "slacs1451-0239": 0.2508724980853003
}