{
    "slacs0946+1006": 43.25744575031149,
    "slacs2341+0000": 27.620227380859433,
    "slacs0956+5100": 25.27145828547509,
    "slacs1250+0523": 20.225523222448828,
    "slacs1430+4105": 16.520251479414583,
    "slacs0959+0410": 10.368800104282855,
    "slacs0728+3835": 8.297405851861186,
    "slacs1432+6317": 7.431011213480815,
    "slacs1420+6019": 5.374971435368934,
    "slacs0252+0039": 4.991495278911316,
    "slacs1020+1122": 4.6740448541531805,
    "slacs1205+4910": 4.250793148465618,
    "slacs1627-0053": 3.948452749982607,
    "slacs0029-0055": 3.831493949084688,
    "slacs1029+0420": 3.257235011337798,
    "slacs0912+0029": 3.145719675550936,
    "slacs2303+1422": 2.752421869983664,
    "slacs1213+6708": 2.4729242448086666,
    "slacs0330-0020": 1.9393452675285516,
    "slacs1630+4520": 1.3617006801068783,
    "slacs0903+4116": 1.3536304956578533,
    "slacs0737+3216": 1.2163027715780572,
    "slacs1218+0830": 0.6766894730972126,
    "slacs1143-0144": 0.6228438319594716,
    "slacs1142+1001": 0.5958629993660907,
    "slacs2300+0022": 0.3732354109015432,
    "slacs0008-0004": 0.3098687099663948,
    "slacs0822+2652": 0.2790333888333407,
    "slacs0157-0056": 0.23168514565986698,
    "slacs0936+0913": -0.1537103770642716,
    "slacs0216-0813": -0.18249998846476956,
    "slacs1451-0239": -0.24952397860658948,
    "slacs1402+6321": -0.2918188237817958,
    "slacs2238-0754": -2.2636472897793283
}