{
    "traced_grid_list_of_inversion_from_0": 0.40981388092041016,
    "traced_sparse_grid_pg_list_from_0": 0.0023915767669677734,
    "relocated_grid_from_0": 0.15124750137329102,
    "relocated_pixelization_grid_from_0": 0.0003802776336669922,
    "pixelization_grid_from_0": 7.62939453125e-06,
    "pix_sub_weights_0": 1.7635488510131836,
    "data_unique_mappings_0": 0.09863901138305664,
    "data_vector_from_0": 0.018212318420410156,
    "curvature_matrix_diag_0": 1.665844440460205,
    "curvature_matrix_0": 1.8596649169921875e-05,
    "curvature_matrix_1": 1.52587890625e-05,
    "regularization_matrix_0": 0.27392005920410156,
    "curvature_reg_matrix_0": 0.0010442733764648438,
    "curvature_reg_matrix_cholesky_0": 0.014081954956054688,
    "reconstruction_0": 0.0027217864990234375,
    "mapped_reconstructed_data_dict_from_0": 0.01760554313659668,
    "regularization_term_0": 0.0005249977111816406,
    "log_det_curvature_reg_matrix_term_0": 6.246566772460938e-05,
    "log_det_regularization_matrix_term_0": 0.01253652572631836,
    "figure_of_merit_0": 0.0002243518829345703
}