{
    "image_2d_from_0": 0.009954452514648438,
    "image_2d_from_1": 0.0378270149230957,
    "image_2d_from_2": 0.039963483810424805,
    "image_2d_from_3": 0.02318120002746582,
    "image_2d_from_4": 0.009921073913574219,
    "data_vector_from_0": 0.07529997825622559,
    "curvature_matrix_0": 0.626166820526123,
    "regularization_matrix_0": 4.291534423828125e-06,
    "curvature_reg_matrix_0": 0.005949735641479492,
    "curvature_reg_matrix_cholesky_0": 0.10216522216796875,
    "reconstruction_0": 0.026367664337158203,
    "mapped_reconstructed_data_dict_from_0": 0.7266910076141357,
    "regularization_term_0": 0.0026099681854248047,
    "log_det_curvature_reg_matrix_term_0": 9.036064147949219e-05,
    "log_det_regularization_matrix_term_0": 2.86102294921875e-06,
    "figure_of_merit_0": 0.00023794174194335938
}