{
    "SDSSJ0755+3445": 1276.3657253167657,
    "SDSSJ0029+2544": 236.91806718480075,
    "SDSSJ0918+5104": 195.58068485755393,
    "SDSSJ1226+5457": 114.43897961041876,
    "SDSSJ0201+3228": 31.32683091389481,
    "SDSSJ1110+3649": 19.8804522556984,
    "SDSSJ2342-0120": 17.106545684966477,
    "SDSSJ0113+0250": 15.156203748203552,
    "SDSSJ1201+4743": 9.032779030882011,
    "SDSSJ1141+2216": 7.221473957339185,
    "SDSSJ1110+2808": 4.08411522510778,
    "SDSSJ0742+3341": 3.830955854662534,
    "SDSSJ2228+1205": 1.8942661403070815,
    "SDSSJ0856+2010": 1.194371654324641,
    "SDSSJ0237-0641": 1.0716747259975818,
    "SDSSJ1116+0915": -0.4090768648948142
}