{
    "SDSSJ0755+3445": 1262.8692126869428,
    "SDSSJ0918+5104": 189.84928991143124,
    "SDSSJ1226+5457": 107.28893222409533,
    "SDSSJ1141+2216": 72.04764468991016,
    "SDSSJ0029+2544": 40.86726707956586,
    "SDSSJ0201+3228": 24.599383703345666,
    "SDSSJ1110+3649": 17.147432322564782,
    "SDSSJ0113+0250": 13.793105640083013,
    "SDSSJ2342-0120": 13.125457380720036,
    "SDSSJ1201+4743": 10.29418964082106,
    "SDSSJ1110+2808": 5.74337621700397,
    "SDSSJ0742+3341": 3.4140342387672717,
    "SDSSJ2228+1205": 3.104323642786767,
    "SDSSJ1116+0915": 2.692163840441026,
    "SDSSJ0237-0641": 2.231053103229897,
    "SDSSJ0856+2010": 0.4275333739715279
}