{
    "traced_grid_list_of_inversion_from_0": 0.6491129398345947,
    "traced_sparse_grid_pg_list_from_0": 0.005503177642822266,
    "relocated_grid_from_0": 0.05694317817687988,
    "relocated_pixelization_grid_from_0": 0.0008375644683837891,
    "pixelization_grid_from_0": 9.059906005859375e-06,
    "pix_sub_weights_0": 2.0408504009246826,
    "data_unique_mappings_0": 0.11204648017883301,
    "data_vector_from_0": 0.018155336380004883,
    "curvature_matrix_diag_0": 1.9328868389129639,
    "curvature_matrix_0": 3.457069396972656e-05,
    "curvature_matrix_1": 1.8835067749023438e-05,
    "regularization_matrix_0": 0.41259336471557617,
    "curvature_reg_matrix_0": 0.00686335563659668,
    "curvature_reg_matrix_cholesky_0": 0.12553668022155762,
    "reconstruction_0": 0.030266284942626953,
    "mapped_reconstructed_data_dict_from_0": 0.018007755279541016,
    "regularization_term_0": 0.003148794174194336,
    "log_det_curvature_reg_matrix_term_0": 8.130073547363281e-05,
    "log_det_regularization_matrix_term_0": 0.05610156059265137,
    "figure_of_merit_0": 0.00028967857360839844
}