{
    "traced_grid_list_of_inversion_from_0": 0.8601150512695312,
    "traced_sparse_grid_pg_list_from_0": 0.006430864334106445,
    "relocated_grid_from_0": 0.22170352935791016,
    "relocated_pixelization_grid_from_0": 0.001024007797241211,
    "pixelization_grid_from_0": 9.298324584960938e-06,
    "pix_sub_weights_0": 2.772857427597046,
    "data_unique_mappings_0": 0.12993693351745605,
    "data_vector_from_0": 0.025735855102539062,
    "curvature_matrix_diag_0": 3.019221305847168,
    "curvature_matrix_0": 3.0040740966796875e-05,
    "curvature_matrix_1": 1.8835067749023438e-05,
    "regularization_matrix_0": 0.49717044830322266,
    "curvature_reg_matrix_0": 0.006975412368774414,
    "curvature_reg_matrix_cholesky_0": 0.1155099868774414,
    "reconstruction_0": 0.021872997283935547,
    "mapped_reconstructed_data_dict_from_0": 0.02339649200439453,
    "regularization_term_0": 0.0029892921447753906,
    "log_det_curvature_reg_matrix_term_0": 7.581710815429688e-05,
    "log_det_regularization_matrix_term_0": 0.05796504020690918,
    "figure_of_merit_0": 0.0003371238708496094
}