{
    "SDSSJ0755+3445": 964.2353009769977,
    "SDSSJ0918+5104": 168.1954660321644,
    "SDSSJ1226+5457": 112.43239649690804,
    "SDSSJ0201+3228": 65.09870855949703,
    "SDSSJ0113+0250": 31.455077623424586,
    "SDSSJ1110+3649": 22.377352019306272,
    "SDSSJ2342-0120": 17.94056432385696,
    "SDSSJ0742+3341": 13.336971877259202,
    "SDSSJ0856+2010": 9.7827162402682,
    "SDSSJ1110+2808": 7.646134274429642,
    "SDSSJ0237-0641": 4.692635313258506,
    "SDSSJ1201+4743": 4.595591905468609,
    "SDSSJ2228+1205": 2.249653039034456,
    "SDSSJ1116+0915": -4.2820389494881965,
    "SDSSJ1141+2216": -8.036021957290359,
    "SDSSJ0029+2544": -22.76371426737751
}