{
    "SDSSJ0755+3445": 1374.8553385122868,
    "SDSSJ0918+5104": 460.44391528874985,
    "SDSSJ0201+3228": 127.89033534674672,
    "SDSSJ0029+2544": 117.6101529156731,
    "SDSSJ1226+5457": 117.06569327806938,
    "SDSSJ0113+0250": 33.34829633185291,
    "SDSSJ1110+3649": 28.38435076229507,
    "SDSSJ0742+3341": 18.535884715267457,
    "SDSSJ2342-0120": 18.318978046474513,
    "SDSSJ1201+4743": 15.853003533324227,
    "SDSSJ1141+2216": 15.628292329376563,
    "SDSSJ1110+2808": 8.872730697097722,
    "SDSSJ1116+0915": 6.972716456046328,
    "SDSSJ0856+2010": 5.9872197295189835,
    "SDSSJ0237-0641": 3.3166124440613203,
    "SDSSJ2228+1205": 1.503778074751608
}