{
    "traced_grid_list_of_inversion_from_0": 0.4902956485748291,
    "traced_sparse_grid_pg_list_from_0": 0.005113124847412109,
    "relocated_grid_from_0": 0.04470109939575195,
    "relocated_pixelization_grid_from_0": 0.00033736228942871094,
    "pixelization_grid_from_0": 8.344650268554688e-06,
    "pix_sub_weights_0": 2.142909526824951,
    "data_unique_mappings_0": 0.09111428260803223,
    "data_vector_from_0": 0.018707275390625,
    "curvature_matrix_diag_0": 1.9164760112762451,
    "curvature_matrix_0": 2.4318695068359375e-05,
    "curvature_matrix_1": 1.5974044799804688e-05,
    "regularization_matrix_0": 0.429882287979126,
    "curvature_reg_matrix_0": 0.008641481399536133,
    "curvature_reg_matrix_cholesky_0": 0.15274858474731445,
    "reconstruction_0": 0.029305696487426758,
    "mapped_reconstructed_data_dict_from_0": 0.017844438552856445,
    "regularization_term_0": 0.0037088394165039062,
    "log_det_curvature_reg_matrix_term_0": 9.5367431640625e-05,
    "log_det_regularization_matrix_term_0": 0.06393647193908691,
    "figure_of_merit_0": 0.00025725364685058594
}