{
    "traced_grid_list_of_inversion_from_0": 0.4411184787750244,
    "traced_sparse_grid_pg_list_from_0": 0.0038073062896728516,
    "relocated_grid_from_0": 0.036786794662475586,
    "relocated_pixelization_grid_from_0": 0.0002110004425048828,
    "pixelization_grid_from_0": 1.049041748046875e-05,
    "pix_sub_weights_0": 1.926011323928833,
    "data_unique_mappings_0": 0.10549712181091309,
    "data_vector_from_0": 0.018208026885986328,
    "curvature_matrix_diag_0": 1.6831550598144531,
    "curvature_matrix_0": 2.9325485229492188e-05,
    "curvature_matrix_1": 1.621246337890625e-05,
    "regularization_matrix_0": 0.36934733390808105,
    "curvature_reg_matrix_0": 0.00456547737121582,
    "curvature_reg_matrix_cholesky_0": 0.08240532875061035,
    "reconstruction_0": 0.014965534210205078,
    "mapped_reconstructed_data_dict_from_0": 0.01786184310913086,
    "regularization_term_0": 0.0021436214447021484,
    "log_det_curvature_reg_matrix_term_0": 7.534027099609375e-05,
    "log_det_regularization_matrix_term_0": 0.039580345153808594,
    "figure_of_merit_0": 0.00021219253540039062
}