{
    "traced_grid_list_of_inversion_from_0": 0.44328856468200684,
    "traced_sparse_grid_pg_list_from_0": 0.004621982574462891,
    "relocated_grid_from_0": 0.09525203704833984,
    "relocated_pixelization_grid_from_0": 0.0006232261657714844,
    "pixelization_grid_from_0": 1.1444091796875e-05,
    "pix_sub_weights_0": 2.1201295852661133,
    "data_unique_mappings_0": 0.10764837265014648,
    "data_vector_from_0": 0.018652677536010742,
    "curvature_matrix_diag_0": 1.8085875511169434,
    "curvature_matrix_0": 3.743171691894531e-05,
    "curvature_matrix_1": 2.1457672119140625e-05,
    "regularization_matrix_0": 0.4286036491394043,
    "curvature_reg_matrix_0": 0.007790327072143555,
    "curvature_reg_matrix_cholesky_0": 0.1463327407836914,
    "reconstruction_0": 0.03395557403564453,
    "mapped_reconstructed_data_dict_from_0": 0.024287700653076172,
    "regularization_term_0": 0.0035779476165771484,
    "log_det_curvature_reg_matrix_term_0": 9.679794311523438e-05,
    "log_det_regularization_matrix_term_0": 0.06087756156921387,
    "figure_of_merit_0": 0.0003001689910888672
}