{
    "SDSSJ0918+5104": 230.10640183463875,
    "SDSSJ1226+5457": 97.20953524316064,
    "SDSSJ1201+4743": 24.474094353510736,
    "SDSSJ2342-0120": 21.813698388790726,
    "SDSSJ0113+0250": 5.981073342087257,
    "SDSSJ1141+2216": 5.052354088511493,
    "SDSSJ1110+3649": 4.849989767775696,
    "SDSSJ2228+1205": 4.284603686081027,
    "SDSSJ1110+2808": 2.9796412021469223,
    "SDSSJ0742+3341": 1.7939081308759341,
    "SDSSJ0856+2010": 1.5415029537343798,
    "SDSSJ0237-0641": 1.3865550186710607,
    "SDSSJ1116+0915": 1.3690382555023461,
    "SDSSJ0029+2544": -29.89689637094125
}