{
    "lens_2_subhalo_mass_105": 652.2201503276337,
    "lens_0_subhalo_mass_105": 195.0856506700784,
    "lens_3_subhalo_mass_105": 146.69535787517998,
    "lens_2_subhalo_mass_100": 113.55333985521247,
    "lens_0_subhalo_mass_100": 50.90250911467774,
    "lens_2_subhalo_mass_95": 42.176913206496465,
    "lens_1_subhalo_mass_105": 30.599017164531688,
    "lens_0_subhalo_mass_95": 24.309943614887743,
    "lens_1_subhalo_mass_100": 19.108030739589594,
    "lens_3_subhalo_mass_100": 17.255457478458993,
    "lens_3_subhalo_mass_95": 10.318599854099375,
    "lens_1_subhalo_mass_95": 6.83034662436512,
    "lens_2_no_subhalo": 4.095965886479462,
    "lens_0_no_subhalo": 2.6264738157915417,
    "lens_3_no_subhalo": 2.2131700848349283,
    "lens_1_no_subhalo": 0.9077588211021066
}