{
    "lens_2_subhalo_mass_105": 638.1964736509672,
    "lens_0_subhalo_mass_105": 186.57658334573352,
    "lens_2_subhalo_mass_100": 108.11420701148018,
    "lens_3_subhalo_mass_105": 89.54492336203293,
    "lens_0_subhalo_mass_100": 39.8946098252236,
    "lens_2_subhalo_mass_95": 33.75206691865242,
    "lens_3_subhalo_mass_100": 18.240233636346602,
    "lens_0_subhalo_mass_95": 17.66818635816344,
    "lens_1_subhalo_mass_105": 15.300385376714985,
    "lens_1_subhalo_mass_100": 7.567613908378917,
    "lens_2_no_subhalo": 4.624062248152768,
    "lens_1_subhalo_mass_95": 3.7069865662433585,
    "lens_3_subhalo_mass_95": 3.613311935798265,
    "lens_3_no_subhalo": 2.33892578270752,
    "lens_0_no_subhalo": 1.703359535738855,
    "lens_1_no_subhalo": 0.4546850642782374
}