{
    "slacs1213+6708": 49.99527847553327,
    "slacs0946+1006": 29.825446284630743,
    "slacs0959+0410": 23.56884058410651,
    "slacs0029-0055": 21.517914194810146,
    "slacs1250+0523": 15.106255209364463,
    "slacs1143-0144": 14.529903791855759,
    "slacs1029+0420": 13.37139465412838,
    "slacs1420+6019": 12.489119620469864,
    "slacs1205+4910": 9.89460758255882,
    "slacs0956+5100": 9.212881893079611,
    "slacs2341+0000": 8.853485721501784,
    "slacs1430+4105": 8.455539544178464,
    "slacs1142+1001": 8.11753248353034,
    "slacs0903+4116": 8.100857538058335,
    "slacs0912+0029": 6.801707317150431,
    "slacs1627-0053": 5.902761940869823,
    "slacs0252+0039": 5.802002687607455,
    "slacs1020+1122": 5.517339321366308,
    "slacs0008-0004": 4.728043183979025,
    "slacs1023+4230": 4.307888890674803,
    "slacs2238-0754": 4.089993974870595,
    "slacs0330-0020": 3.837385413782613,
    "slacs1218+0830": 3.541309956504847,
    "slacs1432+6317": 3.3346840635567787,
    "slacs1630+4520": 2.5790991746471263,
    "slacs1032+5322": 2.4441650613371166,
    "slacs0822+2652": 2.3479726721852785,
    "slacs1402+6321": 1.8876025293830025,
    "slacs1451-0239": 1.0423319776373319,
    "slacs2303+1422": 0.8476796789036598,
    "slacs0157-0056": 0.8237466714708717,
    "slacs0216-0813": 0.8235982795195014,
    "slacs2300+0022": 0.5190283645642921,
    "slacs0737+3216": 0.3375130672538944,
    "slacs0936+0913": -0.02378547237094608
}