{
    "slacs1213+6708": 49.107882055189066,
    "slacs0946+1006": 25.529456149276484,
    "slacs1029+0420": 23.091972238681137,
    "slacs1250+0523": 18.923438800222357,
    "slacs0029-0055": 17.694118809802603,
    "slacs1420+6019": 17.316812528333685,
    "slacs0959+0410": 16.617971364852565,
    "slacs2341+0000": 12.597909698208241,
    "slacs0956+5100": 12.444215429284668,
    "slacs1142+1001": 12.17374668800403,
    "slacs0330-0020": 9.484988665484707,
    "slacs1020+1122": 9.35690105460526,
    "slacs1143-0144": 9.20722559485148,
    "slacs1205+4910": 8.955720738995751,
    "slacs0912+0029": 8.66679166717222,
    "slacs1627-0053": 8.471950419156201,
    "slacs0903+4116": 6.188294597344793,
    "slacs1430+4105": 5.8201523763200385,
    "slacs1402+6321": 4.646404287181213,
    "slacs0008-0004": 4.440364614965802,
    "slacs1023+4230": 3.818336330616148,
    "slacs0252+0039": 3.3884083190059755,
    "slacs1451-0239": 3.2566581850581997,
    "slacs0822+2652": 3.232095826853765,
    "slacs0157-0056": 3.136501195443998,
    "slacs0737+3216": 3.1221811427208195,
    "slacs1432+6317": 3.1220065410416282,
    "slacs1218+0830": 2.5596547670284053,
    "slacs0936+0913": 2.4276557539815258,
    "slacs2238-0754": 1.7882221602267236,
    "slacs1032+5322": 1.559561463946011,
    "slacs0216-0813": 1.2282234143758615,
    "slacs2300+0022": 0.7677352243335918,
    "slacs2303+1422": 0.5013075215101708,
    "slacs1630+4520": -0.7152681344741723
}