{
    "slacs2341+0000": 152.3601551654574,
    "slacs0946+1006": 64.09202421371447,
    "slacs0956+5100": 51.91499439278414,
    "slacs1020+1122": 46.42650447559208,
    "slacs1432+6317": 44.053337074601586,
    "slacs1250+0523": 44.047603045190044,
    "slacs1032+5322": 32.19420365184487,
    "slacs1143-0144": 30.767968702915823,
    "slacs0959+0410": 28.06384457810782,
    "slacs1023+4230": 20.235721910590655,
    "slacs0822+2652": 19.708162682305556,
    "slacs1205+4910": 19.27599170155736,
    "slacs1430+4105": 19.139497376367217,
    "slacs0903+4116": 16.966658874880522,
    "slacs0912+0029": 16.913635401331703,
    "slacs1630+4520": 16.186916173275677,
    "slacs1213+6708": 15.664148726726125,
    "slacs2303+1422": 15.261410850795073,
    "slacs1029+0420": 11.571115007187473,
    "slacs0029-0055": 11.149712301790714,
    "slacs0728+3835": 10.943062050464505,
    "slacs1420+6019": 10.44219008742948,
    "slacs0330-0020": 10.045600884790474,
    "slacs1451-0239": 9.448602633581686,
    "slacs2238-0754": 7.066884430380014,
    "slacs0252+0039": 6.826192074993742,
    "slacs0157-0056": 6.601600324509491,
    "slacs1525+3327": 5.446862763976242,
    "slacs1142+1001": 5.081474543105287,
    "slacs0216-0813": 4.4907789308344945,
    "slacs1627-0053": 4.034851137905207,
    "slacs1402+6321": 3.7139944957743865,
    "slacs2300+0022": 3.6813810451640165,
    "slacs0737+3216": 2.9257942669501062,
    "slacs0008-0004": 1.770025434299896,
    "slacs0936+0913": 1.6578549009864219,
    "slacs1218+0830": -0.8114744753547711
}