{
    "slacs2341+0000": 141.32344109744008,
    "slacs1432+6317": 62.97990357804156,
    "slacs0946+1006": 58.62005147470336,
    "slacs1020+1122": 39.60174990354426,
    "slacs0956+5100": 36.08727874307806,
    "slacs1250+0523": 29.8380532145311,
    "slacs1023+4230": 21.604191019760037,
    "slacs1143-0144": 18.706489105854416,
    "slacs0959+0410": 18.473777549748775,
    "slacs1032+5322": 17.328033197150944,
    "slacs1205+4910": 15.727743360701425,
    "slacs1430+4105": 13.431822594116966,
    "slacs2303+1422": 13.10717664738695,
    "slacs1213+6708": 11.426883988933696,
    "slacs0903+4116": 9.683541617509036,
    "slacs0912+0029": 7.490074656983779,
    "slacs1630+4520": 7.4213273913628655,
    "slacs1420+6019": 6.525421147336601,
    "slacs1029+0420": 5.32999352394836,
    "slacs0330-0020": 4.65055688071152,
    "slacs0822+2652": 3.7860590742129716,
    "slacs0252+0039": 3.60440218981239,
    "slacs1627-0053": 3.5522124660710688,
    "slacs2238-0754": 3.50289326019265,
    "slacs0029-0055": 3.4850543205538997,
    "slacs1218+0830": 3.0734685607167194,
    "slacs1142+1001": 2.9852339045828558,
    "slacs1525+3327": 2.3582099868217483,
    "slacs2300+0022": 2.339054943055089,
    "slacs0737+3216": 2.0306901221047156,
    "slacs0936+0913": 1.4913401433514082,
    "slacs0216-0813": 1.4793561916631006,
    "slacs0008-0004": 1.2917326507304097,
    "slacs0157-0056": 0.9791997398788226,
    "slacs0728+3835": -0.5777592096201261,
    "slacs1451-0239": -2.2956749560817116,
    "slacs1402+6321": -9.28408303768083
}