{
    "traced_grid_list_of_inversion_from_0": 0.5106258392333984,
    "traced_sparse_grid_pg_list_from_0": 0.004716634750366211,
    "relocated_grid_from_0": 0.14078664779663086,
    "relocated_pixelization_grid_from_0": 0.0007853507995605469,
    "pixelization_grid_from_0": 8.58306884765625e-06,
    "pix_sub_weights_0": 1.9786169528961182,
    "data_unique_mappings_0": 0.09240555763244629,
    "data_vector_from_0": 0.019539833068847656,
    "curvature_matrix_diag_0": 1.9311723709106445,
    "curvature_matrix_0": 2.6464462280273438e-05,
    "curvature_matrix_1": 1.8358230590820312e-05,
    "regularization_matrix_0": 0.3902280330657959,
    "curvature_reg_matrix_0": 0.006258726119995117,
    "curvature_reg_matrix_cholesky_0": 0.08568882942199707,
    "reconstruction_0": 0.018047809600830078,
    "mapped_reconstructed_data_dict_from_0": 0.018120288848876953,
    "regularization_term_0": 0.0025734901428222656,
    "log_det_curvature_reg_matrix_term_0": 9.131431579589844e-05,
    "log_det_regularization_matrix_term_0": 0.05064535140991211,
    "figure_of_merit_0": 0.0002262592315673828
}