{
    "image_2d_from_0": 0.010693073272705078,
    "image_2d_from_1": 0.03906822204589844,
    "image_2d_from_2": 0.055307626724243164,
    "image_2d_from_3": 0.0507359504699707,
    "image_2d_from_4": 0.02943873405456543,
    "data_vector_from_0": 0.09208869934082031,
    "curvature_matrix_0": 0.806896448135376,
    "regularization_matrix_0": 7.62939453125e-06,
    "curvature_reg_matrix_0": 0.008971929550170898,
    "curvature_reg_matrix_cholesky_0": 0.13754987716674805,
    "reconstruction_0": 0.03238534927368164,
    "mapped_reconstructed_data_dict_from_0": 1.0140070915222168,
    "regularization_term_0": 0.004613161087036133,
    "log_det_curvature_reg_matrix_term_0": 0.00012230873107910156,
    "log_det_regularization_matrix_term_0": 3.814697265625e-06,
    "figure_of_merit_0": 0.0002892017364501953
}