{
    "lens_2_subhalo_mass_105": 511.4314975630841,
    "lens_0_subhalo_mass_105": 223.19854536004277,
    "lens_2_subhalo_mass_100": 133.33044126563618,
    "lens_3_subhalo_mass_100": 86.42396140818164,
    "lens_0_subhalo_mass_100": 49.444647459560656,
    "lens_2_subhalo_mass_95": 41.41685237666388,
    "lens_1_subhalo_mass_100": 36.73815513165755,
    "lens_1_subhalo_mass_105": 31.484180055926117,
    "lens_3_subhalo_mass_95": 29.744777355270344,
    "lens_0_subhalo_mass_95": 28.73586931788668,
    "lens_3_no_subhalo": 21.576137780270074,
    "lens_3_subhalo_mass_105": 20.47683304309612,
    "lens_1_subhalo_mass_95": 19.16399770852877,
    "lens_1_no_subhalo": 11.892313051710516,
    "lens_0_no_subhalo": 3.6207121050247224,
    "lens_2_no_subhalo": 0.7623634409974329
}