{
    "traced_grid_list_of_inversion_from_0": 0.6554346084594727,
    "traced_sparse_grid_pg_list_from_0": 0.005872011184692383,
    "relocated_grid_from_0": 0.041977643966674805,
    "relocated_pixelization_grid_from_0": 0.0002758502960205078,
    "pixelization_grid_from_0": 1.049041748046875e-05,
    "pix_sub_weights_0": 2.0817525386810303,
    "data_unique_mappings_0": 0.11120438575744629,
    "data_vector_from_0": 0.01842188835144043,
    "curvature_matrix_diag_0": 1.8677759170532227,
    "curvature_matrix_0": 3.600120544433594e-05,
    "curvature_matrix_1": 2.09808349609375e-05,
    "regularization_matrix_0": 0.4285609722137451,
    "curvature_reg_matrix_0": 0.007201194763183594,
    "curvature_reg_matrix_cholesky_0": 0.13720941543579102,
    "reconstruction_0": 0.03266167640686035,
    "mapped_reconstructed_data_dict_from_0": 0.023766517639160156,
    "regularization_term_0": 0.0032203197479248047,
    "log_det_curvature_reg_matrix_term_0": 7.891654968261719e-05,
    "log_det_regularization_matrix_term_0": 0.0573422908782959,
    "figure_of_merit_0": 0.0002849102020263672
}