{
    "traced_grid_list_of_inversion_from_0": 0.6783418655395508,
    "traced_sparse_grid_pg_list_from_0": 0.0042018890380859375,
    "relocated_grid_from_0": 0.19759130477905273,
    "relocated_pixelization_grid_from_0": 0.0007619857788085938,
    "pixelization_grid_from_0": 9.775161743164062e-06,
    "pix_sub_weights_0": 2.6131601333618164,
    "data_unique_mappings_0": 0.13055181503295898,
    "data_vector_from_0": 0.023253202438354492,
    "curvature_matrix_diag_0": 2.691396951675415,
    "curvature_matrix_0": 3.361701965332031e-05,
    "curvature_matrix_1": 1.7642974853515625e-05,
    "regularization_matrix_0": 0.44127941131591797,
    "curvature_reg_matrix_0": 0.00441741943359375,
    "curvature_reg_matrix_cholesky_0": 0.0763707160949707,
    "reconstruction_0": 0.014521121978759766,
    "mapped_reconstructed_data_dict_from_0": 0.022844552993774414,
    "regularization_term_0": 0.0020766258239746094,
    "log_det_curvature_reg_matrix_term_0": 7.05718994140625e-05,
    "log_det_regularization_matrix_term_0": 0.03972983360290527,
    "figure_of_merit_0": 0.0002636909484863281
}