{
    "traced_grid_list_of_inversion_from_0": 0.5518226623535156,
    "traced_sparse_grid_pg_list_from_0": 0.00558018684387207,
    "relocated_grid_from_0": 0.04311084747314453,
    "relocated_pixelization_grid_from_0": 0.00032806396484375,
    "pixelization_grid_from_0": 8.58306884765625e-06,
    "pix_sub_weights_0": 1.967529296875,
    "data_unique_mappings_0": 0.08601236343383789,
    "data_vector_from_0": 0.018931865692138672,
    "curvature_matrix_diag_0": 1.8397583961486816,
    "curvature_matrix_0": 2.9802322387695312e-05,
    "curvature_matrix_1": 2.7418136596679688e-05,
    "regularization_matrix_0": 0.4169425964355469,
    "curvature_reg_matrix_0": 0.008953094482421875,
    "curvature_reg_matrix_cholesky_0": 0.1479804515838623,
    "reconstruction_0": 0.028120756149291992,
    "mapped_reconstructed_data_dict_from_0": 0.018186092376708984,
    "regularization_term_0": 0.003686666488647461,
    "log_det_curvature_reg_matrix_term_0": 0.00010967254638671875,
    "log_det_regularization_matrix_term_0": 0.061446428298950195,
    "figure_of_merit_0": 0.0002694129943847656
}