{
    "image_2d_from_0": 0.010311365127563477,
    "image_2d_from_1": 0.03831601142883301,
    "image_2d_from_2": 0.023496389389038086,
    "image_2d_from_3": 0.016496896743774414,
    "image_2d_from_4": 0.010495662689208984,
    "data_vector_from_0": 0.08144736289978027,
    "curvature_matrix_0": 0.6205341815948486,
    "regularization_matrix_0": 5.0067901611328125e-06,
    "curvature_reg_matrix_0": 0.006321907043457031,
    "curvature_reg_matrix_cholesky_0": 0.0912315845489502,
    "reconstruction_0": 0.017711877822875977,
    "mapped_reconstructed_data_dict_from_0": 0.8873162269592285,
    "regularization_term_0": 0.003131866455078125,
    "log_det_curvature_reg_matrix_term_0": 8.487701416015625e-05,
    "log_det_regularization_matrix_term_0": 4.5299530029296875e-06,
    "figure_of_merit_0": 0.00022459030151367188
}