{
    "SDSSJ1201+4743": 17.892063180030163,
    "SDSSJ1226+5457": 10.280222599565604
}