{
    "traced_grid_list_of_inversion_from_0": 0.7903118133544922,
    "traced_sparse_grid_pg_list_from_0": 0.00760650634765625,
    "relocated_grid_from_0": 0.07573628425598145,
    "relocated_pixelization_grid_from_0": 0.0005168914794921875,
    "pixelization_grid_from_0": 8.344650268554688e-06,
    "pix_sub_weights_0": 2.3479743003845215,
    "data_unique_mappings_0": 0.09602499008178711,
    "data_vector_from_0": 0.020453691482543945,
    "curvature_matrix_diag_0": 2.255263566970825,
    "curvature_matrix_0": 3.504753112792969e-05,
    "curvature_matrix_1": 1.9788742065429688e-05,
    "regularization_matrix_0": 0.5051331520080566,
    "curvature_reg_matrix_0": 0.007855415344238281,
    "curvature_reg_matrix_cholesky_0": 0.12445425987243652,
    "reconstruction_0": 0.024473905563354492,
    "mapped_reconstructed_data_dict_from_0": 0.018332958221435547,
    "regularization_term_0": 0.0033159255981445312,
    "log_det_curvature_reg_matrix_term_0": 0.00011873245239257812,
    "log_det_regularization_matrix_term_0": 0.06138730049133301,
    "figure_of_merit_0": 0.00031065940856933594
}