{
    "slacs2341+0000": 131.10468081257568,
    "slacs1032+5322": 37.666091589788266,
    "slacs1432+6317": 31.077082755920856,
    "slacs0946+1006": 30.597940342377115,
    "slacs0959+0410": 26.45695071035152,
    "slacs0956+5100": 25.87397758044972,
    "slacs1143-0144": 16.90419696002209,
    "slacs0252+0039": 15.041484673572995,
    "slacs1020+1122": 14.103807866027637,
    "slacs1430+4105": 11.548691524316382,
    "slacs0912+0029": 11.501775245771569,
    "slacs1250+0523": 10.939479621440114,
    "slacs1205+4910": 10.64888164977674,
    "slacs0903+4116": 9.358303090746631,
    "slacs1213+6708": 8.450918586429907,
    "slacs0330-0020": 7.055235593397811,
    "slacs1630+4520": 6.269715206246474,
    "slacs1218+0830": 5.205657467937272,
    "slacs0029-0055": 2.713732122530928,
    "slacs0737+3216": 2.1069591610721545,
    "slacs1420+6019": 2.021489452534297,
    "slacs0157-0056": 2.0059267839897075,
    "slacs2238-0754": 1.7965944337920519,
    "slacs0822+2652": 1.7047455794818234,
    "slacs1142+1001": 1.3074994118069299,
    "slacs1029+0420": 0.9775637264247052,
    "slacs2303+1422": 0.6634654783993028,
    "slacs2300+0022": 0.4193041932248889,
    "slacs0728+3835": 0.3491332426274312,
    "slacs0008-0004": 0.09491682842053706,
    "slacs1627-0053": 0.06693146848556353,
    "slacs1023+4230": -0.03676142531185178,
    "slacs0936+0913": -0.47398732181318337,
    "slacs0216-0813": -1.1604246968709049,
    "slacs1451-0239": -1.348078116263423,
    "slacs1525+3327": -1.367282906510809,
    "slacs1402+6321": -2.761346871222486
}