{
    "slacs2341+0000": 146.44147383049858,
    "slacs0956+5100": 51.1635534560628,
    "slacs1032+5322": 48.68135214304493,
    "slacs0959+0410": 44.45228897483321,
    "slacs0946+1006": 44.099561424329295,
    "slacs1143-0144": 41.263338033233595,
    "slacs1020+1122": 37.43863565903666,
    "slacs0029-0055": 30.650606066083128,
    "slacs1432+6317": 29.898629962142877,
    "slacs0330-0020": 28.532374840542616,
    "slacs0912+0029": 23.39944271632703,
    "slacs1430+4105": 20.522231390728848,
    "slacs0252+0039": 19.704015481387614,
    "slacs1205+4910": 18.319786590207514,
    "slacs1213+6708": 14.9536893156328,
    "slacs1250+0523": 13.550318323104875,
    "slacs1630+4520": 13.419108186557423,
    "slacs0903+4116": 12.201216348839807,
    "slacs1023+4230": 11.592725999595132,
    "slacs0822+2652": 8.242911899949831,
    "slacs1525+3327": 6.40889506525491,
    "slacs2303+1422": 6.074230462658306,
    "slacs1218+0830": 5.355959736836667,
    "slacs0728+3835": 4.702838067081757,
    "slacs0157-0056": 4.303852891927818,
    "slacs1420+6019": 4.245228213912924,
    "slacs0737+3216": 3.91035980570814,
    "slacs1402+6321": 3.8191867961286334,
    "slacs2238-0754": 3.69054977036285,
    "slacs1142+1001": 2.361288710621011,
    "slacs0008-0004": 1.584215919559938,
    "slacs1451-0239": 1.3900985089949245,
    "slacs0216-0813": 1.33604668550106,
    "slacs2300+0022": 1.112128377096269,
    "slacs1627-0053": 0.7157500866815099,
    "slacs1029+0420": 0.21634921295481035,
    "slacs0936+0913": 0.026144400515477173
}