{
    "traced_grid_list_of_inversion_from_0": 0.44582247734069824,
    "traced_sparse_grid_pg_list_from_0": 0.0049054622650146484,
    "relocated_grid_from_0": 0.05781698226928711,
    "relocated_pixelization_grid_from_0": 0.0008761882781982422,
    "pixelization_grid_from_0": 1.7404556274414062e-05,
    "pix_sub_weights_0": 2.2847418785095215,
    "data_unique_mappings_0": 0.12005329132080078,
    "data_vector_from_0": 0.02077651023864746,
    "curvature_matrix_diag_0": 1.9216690063476562,
    "curvature_matrix_0": 4.172325134277344e-05,
    "curvature_matrix_1": 4.601478576660156e-05,
    "regularization_matrix_0": 0.4371323585510254,
    "curvature_reg_matrix_0": 0.005629301071166992,
    "curvature_reg_matrix_cholesky_0": 0.10372567176818848,
    "reconstruction_0": 0.017928123474121094,
    "mapped_reconstructed_data_dict_from_0": 0.026740312576293945,
    "regularization_term_0": 0.002555370330810547,
    "log_det_curvature_reg_matrix_term_0": 0.00010466575622558594,
    "log_det_regularization_matrix_term_0": 0.051180362701416016,
    "figure_of_merit_0": 0.0002639293670654297
}