{
    "image_2d_from_0": 0.009872674942016602,
    "image_2d_from_1": 0.037090301513671875,
    "image_2d_from_2": 0.016372203826904297,
    "image_2d_from_3": 0.018471717834472656,
    "image_2d_from_4": 0.015322208404541016,
    "data_vector_from_0": 0.0365602970123291,
    "curvature_matrix_0": 0.16687488555908203,
    "regularization_matrix_0": 4.291534423828125e-06,
    "curvature_reg_matrix_0": 0.0012094974517822266,
    "curvature_reg_matrix_cholesky_0": 0.02043294906616211,
    "reconstruction_0": 0.00439763069152832,
    "mapped_reconstructed_data_dict_from_0": 0.4328491687774658,
    "regularization_term_0": 0.0007562637329101562,
    "log_det_curvature_reg_matrix_term_0": 5.364418029785156e-05,
    "log_det_regularization_matrix_term_0": 3.337860107421875e-06,
    "figure_of_merit_0": 0.00020051002502441406
}