{
    "SDSSJ0918+5104": 363.28794224589365,
    "SDSSJ0201+3228": 59.51962786417789,
    "SDSSJ1226+5457": 30.773826046719478,
    "SDSSJ1201+4743": 19.341458591219634,
    "SDSSJ0742+3341": 13.167721117109977,
    "SDSSJ1110+3649": 12.305974516380957,
    "SDSSJ0113+0250": 6.465443407061684,
    "SDSSJ2342-0120": 5.241231620870167,
    "SDSSJ1116+0915": 3.9406588622277923,
    "SDSSJ0237-0641": 3.3923001959337853,
    "SDSSJ1110+2808": 3.226094966086748,
    "SDSSJ1141+2216": 2.1794161669531604,
    "SDSSJ0856+2010": 2.1029432984505547,
    "SDSSJ2228+1205": 1.5317264622426592
}