{
    "SDSSJ0918+5104": 351.46170845085135,
    "SDSSJ0201+3228": 51.56946451735348,
    "SDSSJ1226+5457": 28.710410029209015,
    "SDSSJ1110+3649": 16.47715264090948,
    "SDSSJ1201+4743": 15.214328390160517,
    "SDSSJ0742+3341": 14.879862311011493,
    "SDSSJ0113+0250": 5.295798632958395,
    "SDSSJ2342-0120": 5.2567049732115265,
    "SDSSJ1110+2808": 4.829029679470295,
    "SDSSJ2228+1205": 3.263530420981624,
    "SDSSJ0237-0641": 2.996904390412965,
    "SDSSJ1116+0915": 2.6931047491789286,
    "SDSSJ0856+2010": 1.1138418286764136,
    "SDSSJ1141+2216": 0.8385166135558393
}