{
    "traced_grid_list_of_inversion_from_0": 0.4948256015777588,
    "traced_sparse_grid_pg_list_from_0": 0.005324363708496094,
    "relocated_grid_from_0": 0.057386159896850586,
    "relocated_pixelization_grid_from_0": 0.0004241466522216797,
    "pixelization_grid_from_0": 8.344650268554688e-06,
    "pix_sub_weights_0": 2.1381723880767822,
    "data_unique_mappings_0": 0.09149670600891113,
    "data_vector_from_0": 0.019013404846191406,
    "curvature_matrix_diag_0": 2.0107030868530273,
    "curvature_matrix_0": 2.7894973754882812e-05,
    "curvature_matrix_1": 1.811981201171875e-05,
    "regularization_matrix_0": 0.42811012268066406,
    "curvature_reg_matrix_0": 0.00858306884765625,
    "curvature_reg_matrix_cholesky_0": 0.1518561840057373,
    "reconstruction_0": 0.02993631362915039,
    "mapped_reconstructed_data_dict_from_0": 0.0179290771484375,
    "regularization_term_0": 0.003788471221923828,
    "log_det_curvature_reg_matrix_term_0": 0.00010156631469726562,
    "log_det_regularization_matrix_term_0": 0.06479763984680176,
    "figure_of_merit_0": 0.000263214111328125
}