{
    "traced_grid_list_of_inversion_from_0": 0.9936912059783936,
    "traced_sparse_grid_pg_list_from_0": 0.00818777084350586,
    "relocated_grid_from_0": 0.07019376754760742,
    "relocated_pixelization_grid_from_0": 0.00045013427734375,
    "pixelization_grid_from_0": 9.059906005859375e-06,
    "pix_sub_weights_0": 2.148024082183838,
    "data_unique_mappings_0": 0.09091472625732422,
    "data_vector_from_0": 0.019556522369384766,
    "curvature_matrix_diag_0": 1.9328279495239258,
    "curvature_matrix_0": 2.6941299438476562e-05,
    "curvature_matrix_1": 1.9073486328125e-05,
    "regularization_matrix_0": 0.40961265563964844,
    "curvature_reg_matrix_0": 0.007128238677978516,
    "curvature_reg_matrix_cholesky_0": 0.11570620536804199,
    "reconstruction_0": 0.022672414779663086,
    "mapped_reconstructed_data_dict_from_0": 0.0227816104888916,
    "regularization_term_0": 0.0031812191009521484,
    "log_det_curvature_reg_matrix_term_0": 8.20159912109375e-05,
    "log_det_regularization_matrix_term_0": 0.05331563949584961,
    "figure_of_merit_0": 0.0002415180206298828
}