{
    "traced_grid_list_of_inversion_from_0": 0.41994547843933105,
    "traced_sparse_grid_pg_list_from_0": 0.00439453125,
    "relocated_grid_from_0": 0.07988810539245605,
    "relocated_pixelization_grid_from_0": 0.0005373954772949219,
    "pixelization_grid_from_0": 8.344650268554688e-06,
    "pix_sub_weights_0": 1.9844214916229248,
    "data_unique_mappings_0": 0.10943794250488281,
    "data_vector_from_0": 0.01812005043029785,
    "curvature_matrix_diag_0": 1.8812766075134277,
    "curvature_matrix_0": 2.7179718017578125e-05,
    "curvature_matrix_1": 1.5735626220703125e-05,
    "regularization_matrix_0": 0.47331833839416504,
    "curvature_reg_matrix_0": 0.008433818817138672,
    "curvature_reg_matrix_cholesky_0": 0.17975425720214844,
    "reconstruction_0": 0.03687787055969238,
    "mapped_reconstructed_data_dict_from_0": 0.018320798873901367,
    "regularization_term_0": 0.0037713050842285156,
    "log_det_curvature_reg_matrix_term_0": 8.606910705566406e-05,
    "log_det_regularization_matrix_term_0": 0.06717538833618164,
    "figure_of_merit_0": 0.00029754638671875
}