{
    "traced_grid_list_of_inversion_from_0": 0.6146514415740967,
    "traced_sparse_grid_pg_list_from_0": 0.0055959224700927734,
    "relocated_grid_from_0": 0.06113147735595703,
    "relocated_pixelization_grid_from_0": 0.0004024505615234375,
    "pixelization_grid_from_0": 1.0251998901367188e-05,
    "pix_sub_weights_0": 2.110280752182007,
    "data_unique_mappings_0": 0.09879565238952637,
    "data_vector_from_0": 0.01892232894897461,
    "curvature_matrix_diag_0": 1.932394027709961,
    "curvature_matrix_0": 2.765655517578125e-05,
    "curvature_matrix_1": 1.7881393432617188e-05,
    "regularization_matrix_0": 0.4279787540435791,
    "curvature_reg_matrix_0": 0.007388114929199219,
    "curvature_reg_matrix_cholesky_0": 0.12547850608825684,
    "reconstruction_0": 0.03130173683166504,
    "mapped_reconstructed_data_dict_from_0": 0.02305293083190918,
    "regularization_term_0": 0.003347635269165039,
    "log_det_curvature_reg_matrix_term_0": 9.1552734375e-05,
    "log_det_regularization_matrix_term_0": 0.05893230438232422,
    "figure_of_merit_0": 0.00030350685119628906
}