{
    "SDSSJ0918+5104": 256.0609195724828,
    "SDSSJ0755+3445": 189.9954863031635,
    "SDSSJ0029+2544": 113.48318659733923,
    "SDSSJ1226+5457": 29.632924417797767,
    "SDSSJ1201+4743": 22.90093153117232,
    "SDSSJ0201+3228": 20.21674253918536,
    "SDSSJ1141+2216": 13.653150496807939,
    "SDSSJ1110+3649": 11.270781388575415,
    "SDSSJ0742+3341": 6.501674858272963,
    "SDSSJ0113+0250": 4.994743101720815,
    "SDSSJ0237-0641": 4.168291201247484,
    "SDSSJ2342-0120": 3.3255705890278477,
    "SDSSJ1116+0915": 2.7793796393143566,
    "SDSSJ1110+2808": 1.6207058391819373,
    "SDSSJ0856+2010": 0.5426224953516794,
    "SDSSJ2228+1205": 0.33603647531526804
}