{
    "traced_grid_list_of_inversion_from_0": 0.5201919078826904,
    "traced_sparse_grid_pg_list_from_0": 0.005021095275878906,
    "relocated_grid_from_0": 0.08483552932739258,
    "relocated_pixelization_grid_from_0": 0.0005388259887695312,
    "pixelization_grid_from_0": 1.049041748046875e-05,
    "pix_sub_weights_0": 1.8488352298736572,
    "data_unique_mappings_0": 0.09552240371704102,
    "data_vector_from_0": 0.018345355987548828,
    "curvature_matrix_diag_0": 2.2188336849212646,
    "curvature_matrix_0": 3.409385681152344e-05,
    "curvature_matrix_1": 3.147125244140625e-05,
    "regularization_matrix_0": 0.4044158458709717,
    "curvature_reg_matrix_0": 0.007112026214599609,
    "curvature_reg_matrix_cholesky_0": 0.11020421981811523,
    "reconstruction_0": 0.03227877616882324,
    "mapped_reconstructed_data_dict_from_0": 0.02290511131286621,
    "regularization_term_0": 0.00321197509765625,
    "log_det_curvature_reg_matrix_term_0": 0.00012755393981933594,
    "log_det_regularization_matrix_term_0": 0.05550265312194824,
    "figure_of_merit_0": 0.0002551078796386719
}