{
    "traced_grid_list_of_inversion_from_0": 0.6132478713989258,
    "traced_sparse_grid_pg_list_from_0": 0.005942344665527344,
    "relocated_grid_from_0": 0.16731524467468262,
    "relocated_pixelization_grid_from_0": 0.0010883808135986328,
    "pixelization_grid_from_0": 9.059906005859375e-06,
    "pix_sub_weights_0": 1.6562283039093018,
    "data_unique_mappings_0": 0.09744501113891602,
    "data_vector_from_0": 0.01853799819946289,
    "curvature_matrix_diag_0": 2.2796664237976074,
    "curvature_matrix_0": 3.647804260253906e-05,
    "curvature_matrix_1": 1.9073486328125e-05,
    "regularization_matrix_0": 0.48262572288513184,
    "curvature_reg_matrix_0": 0.007736921310424805,
    "curvature_reg_matrix_cholesky_0": 0.13016080856323242,
    "reconstruction_0": 0.02665257453918457,
    "mapped_reconstructed_data_dict_from_0": 0.023531198501586914,
    "regularization_term_0": 0.003445863723754883,
    "log_det_curvature_reg_matrix_term_0": 0.00010561943054199219,
    "log_det_regularization_matrix_term_0": 0.06680512428283691,
    "figure_of_merit_0": 0.0002770423889160156
}