{
    "traced_grid_list_of_inversion_from_0": 1.341125726699829,
    "traced_sparse_grid_pg_list_from_0": 0.005129814147949219,
    "relocated_grid_from_0": 0.2741825580596924,
    "relocated_pixelization_grid_from_0": 0.0007443428039550781,
    "pixelization_grid_from_0": 1.0013580322265625e-05,
    "pix_sub_weights_0": 1.943460464477539,
    "data_unique_mappings_0": 0.0997154712677002,
    "data_vector_from_0": 0.018108844757080078,
    "curvature_matrix_diag_0": 1.6890480518341064,
    "curvature_matrix_0": 3.337860107421875e-05,
    "curvature_matrix_1": 1.811981201171875e-05,
    "regularization_matrix_0": 0.3220713138580322,
    "curvature_reg_matrix_0": 0.001386880874633789,
    "curvature_reg_matrix_cholesky_0": 0.023480653762817383,
    "reconstruction_0": 0.0036635398864746094,
    "mapped_reconstructed_data_dict_from_0": 0.018195152282714844,
    "regularization_term_0": 0.0007076263427734375,
    "log_det_curvature_reg_matrix_term_0": 4.8160552978515625e-05,
    "log_det_regularization_matrix_term_0": 0.013828039169311523,
    "figure_of_merit_0": 0.0002779960632324219
}