{
    "traced_grid_list_of_inversion_from_0": 0.7819359302520752,
    "traced_sparse_grid_pg_list_from_0": 0.005486488342285156,
    "relocated_grid_from_0": 0.2031264305114746,
    "relocated_pixelization_grid_from_0": 0.0015163421630859375,
    "pixelization_grid_from_0": 0.0005080699920654297,
    "pix_sub_weights_0": 2.732532024383545,
    "data_unique_mappings_0": 0.1212460994720459,
    "data_vector_from_0": 0.023500442504882812,
    "curvature_matrix_diag_0": 2.9917945861816406,
    "curvature_matrix_0": 3.075599670410156e-05,
    "curvature_matrix_1": 1.9550323486328125e-05,
    "regularization_matrix_0": 0.5212969779968262,
    "curvature_reg_matrix_0": 0.007097721099853516,
    "curvature_reg_matrix_cholesky_0": 0.11523795127868652,
    "reconstruction_0": 0.024730920791625977,
    "mapped_reconstructed_data_dict_from_0": 0.03072667121887207,
    "regularization_term_0": 0.0029785633087158203,
    "log_det_curvature_reg_matrix_term_0": 7.462501525878906e-05,
    "log_det_regularization_matrix_term_0": 0.05469179153442383,
    "figure_of_merit_0": 0.00032138824462890625
}