{
    "traced_grid_list_of_inversion_from_0": 0.44144105911254883,
    "traced_sparse_grid_pg_list_from_0": 0.004475116729736328,
    "relocated_grid_from_0": 0.15332293510437012,
    "relocated_pixelization_grid_from_0": 0.0009722709655761719,
    "pixelization_grid_from_0": 9.059906005859375e-06,
    "pix_sub_weights_0": 1.8490185737609863,
    "data_unique_mappings_0": 0.11881875991821289,
    "data_vector_from_0": 0.018087387084960938,
    "curvature_matrix_diag_0": 2.381615161895752,
    "curvature_matrix_0": 3.218650817871094e-05,
    "curvature_matrix_1": 1.7881393432617188e-05,
    "regularization_matrix_0": 0.4744701385498047,
    "curvature_reg_matrix_0": 0.007920503616333008,
    "curvature_reg_matrix_cholesky_0": 0.17576384544372559,
    "reconstruction_0": 0.03438210487365723,
    "mapped_reconstructed_data_dict_from_0": 0.01828145980834961,
    "regularization_term_0": 0.003673553466796875,
    "log_det_curvature_reg_matrix_term_0": 9.083747863769531e-05,
    "log_det_regularization_matrix_term_0": 0.06840276718139648,
    "figure_of_merit_0": 0.0003273487091064453
}