{
    "SDSSJ0755+3445": 863.7121555192607,
    "SDSSJ0918+5104": 250.00673117431506,
    "SDSSJ1226+5457": 65.29743269478786,
    "SDSSJ0029+2544": 48.06418979688897,
    "SDSSJ1110+3649": 19.19641265664177,
    "SDSSJ1141+2216": 17.51326298143249,
    "SDSSJ0742+3341": 15.953604630169139,
    "SDSSJ2342-0120": 13.123488014087343,
    "SDSSJ1201+4743": 10.269247562664532,
    "SDSSJ0113+0250": 6.459732793755393,
    "SDSSJ0237-0641": 4.541103520827164,
    "SDSSJ1116+0915": 4.191240588481378,
    "SDSSJ1110+2808": 1.5918225898458331,
    "SDSSJ2228+1205": 1.179875532448932,
    "SDSSJ0856+2010": 0.1044490409840364
}