{
    "image_2d_from_0": 0.009918212890625,
    "image_2d_from_1": 0.0372011661529541,
    "image_2d_from_2": 0.051053524017333984,
    "image_2d_from_3": 0.05748152732849121,
    "image_2d_from_4": 0.0789339542388916,
    "data_vector_from_0": 0.06981801986694336,
    "curvature_matrix_0": 0.5612297058105469,
    "regularization_matrix_0": 4.291534423828125e-06,
    "curvature_reg_matrix_0": 0.004124879837036133,
    "curvature_reg_matrix_cholesky_0": 0.08186602592468262,
    "reconstruction_0": 0.015211343765258789,
    "mapped_reconstructed_data_dict_from_0": 0.6986758708953857,
    "regularization_term_0": 0.0020761489868164062,
    "log_det_curvature_reg_matrix_term_0": 7.271766662597656e-05,
    "log_det_regularization_matrix_term_0": 3.5762786865234375e-06,
    "figure_of_merit_0": 0.0002143383026123047
}