{
    "image_2d_from_0": 0.01250767707824707,
    "image_2d_from_1": 0.04823446273803711,
    "image_2d_from_2": 0.024192333221435547,
    "image_2d_from_3": 0.02563786506652832,
    "image_2d_from_4": 0.013427495956420898,
    "data_vector_from_0": 0.023341894149780273,
    "curvature_matrix_0": 0.905616283416748,
    "regularization_matrix_0": 4.291534423828125e-06,
    "curvature_reg_matrix_0": 0.004464864730834961,
    "curvature_reg_matrix_cholesky_0": 0.0774385929107666,
    "reconstruction_0": 0.014605998992919922,
    "mapped_reconstructed_data_dict_from_0": 0.023066043853759766,
    "regularization_term_0": 0.0020911693572998047,
    "log_det_curvature_reg_matrix_term_0": 8.7738037109375e-05,
    "log_det_regularization_matrix_term_0": 2.6226043701171875e-06,
    "figure_of_merit_0": 0.0002772808074951172
}