{
    "traced_grid_list_of_inversion_from_0": 0.4035766124725342,
    "traced_sparse_grid_pg_list_from_0": 0.0045011043548583984,
    "relocated_grid_from_0": 0.05469560623168945,
    "relocated_pixelization_grid_from_0": 0.00038623809814453125,
    "pixelization_grid_from_0": 9.059906005859375e-06,
    "pix_sub_weights_0": 2.1196534633636475,
    "data_unique_mappings_0": 0.11677885055541992,
    "data_vector_from_0": 0.01892256736755371,
    "curvature_matrix_diag_0": 2.114824056625366,
    "curvature_matrix_0": 3.600120544433594e-05,
    "curvature_matrix_1": 1.811981201171875e-05,
    "regularization_matrix_0": 0.49457550048828125,
    "curvature_reg_matrix_0": 0.00856328010559082,
    "curvature_reg_matrix_cholesky_0": 0.16621804237365723,
    "reconstruction_0": 0.03738093376159668,
    "mapped_reconstructed_data_dict_from_0": 0.017833471298217773,
    "regularization_term_0": 0.003787517547607422,
    "log_det_curvature_reg_matrix_term_0": 8.893013000488281e-05,
    "log_det_regularization_matrix_term_0": 0.06778383255004883,
    "figure_of_merit_0": 0.0002727508544921875
}